ngay_cong_bo,to_chuc_phat_hanh,linh_vuc,loai_hinh,trang_thai_xep_hang,loai_y_kien,ky_han,ket_qua_xep_hang,trien_vong,ma_trai_phieu,bao_cao_vi,bao_cao_en,link_to_chuc_phat_hanh,issuer_id,bao_mat,phi_tren_5pc,to_chuc_xhtn,thoi_gian_scrape,ngay_cong_bo_dt
25/09/2026,Công ty Cổ phần Thành Thành Công - Biên Hòa (SBT),Sản xuất đường,,Giám sát Xếp hạng,Tổ chức phát hành,,vnA+,Ổn định,,https://saigonratings.com/ket-qua-giam-sat-xep-hang-ctcp-thanh-thanh-cong-bien-hoa-sbt-nam-2026/,,,,False,False,Saigon Ratings,2026-09-25 09:03:37,2026-09-25
24/09/2026,Công ty TNHH Xây dựng Hạ tầng Crystal,Phát triển Bất động sản,,Xếp hạng lần đầu,Công cụ nợ,,vnBB+,Ổn định,CICL12602,https://saigonratings.com/xhtp-cicl12602-2026/,,,,False,False,Saigon Ratings,2026-09-25 09:03:37,2026-09-24
24/09/2026,Công ty TNHH Dịch vụ Vận tải Sinh thái VINBUS,Vận tải,,Xếp hạng lần đầu,Tổ chức phát hành,,vnA-,Ổn định,,https://saigonratings.com/xhtn-vinbus-2026/,,,,False,False,Saigon Ratings,2026-09-25 09:03:37,2026-09-24
23/09/2026,Công ty Cổ phần Đầu tư Địa ốc Đại Quang Minh,Phát triển Bất động sản,,Xếp hạng lần đầu,Công cụ nợ,,vnA+,Ổn định,DQML12602,https://saigonratings.com/xhtp-dqml12602-2026/,,,,False,False,Saigon Ratings,2026-09-25 09:03:37,2026-09-23
23/09/2026,Công ty Cổ phần Vinhomes,Phát triển Bất động sản,,Xếp hạng lần đầu,Công cụ nợ,,vnAA+,Ổn định,VHML12618,https://saigonratings.com/xhtp-vhml12618-2026/,,,,False,False,Saigon Ratings,2026-09-25 09:03:37,2026-09-23
23/09/2026,Công ty Cổ phần Đầu tư Phong Phú,Phát triển Bất động sản,,Kết thúc Xếp hạng,Tổ chức phát hành,,,,,,,,,False,False,Saigon Ratings,2026-09-25 09:03:37,2026-09-23
23/09/2026,Công ty Cổ phần Đầu tư Hà Phú Riverland,Phát triển Bất động sản,,Kết thúc Xếp hạng,Tổ chức phát hành,,,,,,,,,False,False,Saigon Ratings,2026-09-25 09:03:37,2026-09-23
21/09/2026,Công ty Cổ phần Tư Vấn và Kinh Doanh Bất động sản TCO,Phát triển Bất động sản,,Giám sát Xếp hạng,Tổ chức phát hành,,vnBB-,Ổn định,,https://saigonratings.com/gsxh-tco-2026/,,,,False,False,Saigon Ratings,2026-09-25 09:03:37,2026-09-21
18/09/2026,Công ty Cổ phần Thời đại mới T&T,Phát triển Bất động sản,,Giám sát Xếp hạng,Tổ chức phát hành,,vnBB+,Ổn định,,,,,,False,False,Saigon Ratings,2026-09-25 09:03:37,2026-09-18
17/09/2026,Công ty TNHH Hưng Phát Invest Hà Nội,Phát triển Bất động sản,,Giám sát Xếp hạng,Tổ chức phát hành,,vnBB+,Ổn định,,,,,,False,False,Saigon Ratings,2026-09-25 09:03:37,2026-09-17
16/09/2026,Công ty TNHH Đầu tư và Phát triển Đô thị Tiên Du,Phát triển Bất động sản,,Giám sát Xếp hạng,Tổ chức phát hành,,vnBBB-,Ổn định,,https://saigonratings.com/gsxh6t-tien_du-2026/,,,,False,False,Saigon Ratings,2026-09-25 09:03:37,2026-09-16
15/09/2026,Công ty Cổ phần Phát triển Bất động sản An Phúc,Phát triển Bất động sản,,Xếp hạng lần đầu,Tổ chức phát hành,,vnBB,Ổn định,,https://saigonratings.com/xhtn-an_phuc-2026/,,,,False,False,Saigon Ratings,2026-09-25 09:03:37,2026-09-15
15/09/2026,Công ty Cổ phần Phát triển Khu Công nghiệp và Đô thị Thủ Thừa,Cho thuê Bất động sản,,Kết thúc Xếp hạng,Tổ chức phát hành,,,,,https://saigonratings.com/ktxh-thu_thua/,,,,False,False,Saigon Ratings,2026-09-25 09:03:37,2026-09-15
12/09/2026,Công ty Cổ phần Nông nghiệp BAF Việt Nam,Chăn nuôi,,Kết thúc Xếp hạng,Tổ chức phát hành,,,,,https://saigonratings.com/ktxh-baf-2026/,,,,False,False,Saigon Ratings,2026-09-25 09:03:37,2026-09-12
10/09/2026,Công Ty Cổ phần Hàng Không VIETJET (VIETJET AIR),Hàng không,,Giám sát Xếp hạng,Tổ chức phát hành,,vnBBB,Ổn định,,,,,,False,False,Saigon Ratings,2026-09-25 09:03:37,2026-09-10
08/09/2026,Công ty Cổ phần Đầu tư và Phát triển LGP,Phát triển Bất động sản,,Xếp hạng lần đầu,Công cụ nợ,,vnA-,Ổn định,LGPL12601,https://saigonratings.com/xhtp-lgpl12601-2026/,,,,False,False,Saigon Ratings,2026-09-25 09:03:37,2026-09-08
03/09/2026,Công ty Cổ phần Phát triển Bất động sản Hưng Long,Phát triển Bất động sản,,Xếp hạng lần đầu,Công cụ nợ,,vnAA-,Ổn định,HULL12603,https://saigonratings.com/xhtp-hull12603-2026/,,,,False,False,Saigon Ratings,2026-09-25 09:03:37,2026-09-03
28/08/2026,Công ty Cổ phần Vinhomes,Phát triển Bất động sản,,Xếp hạng lần đầu,Công cụ nợ,,vnAA+,Ổn định,VHML12617,https://saigonratings.com/xhtp-vhml12617-2026/,,,,False,False,Saigon Ratings,2026-09-25 09:03:37,2026-08-28
27/08/2026,Công ty Cổ phần Đầu tư Địa ốc Đại Quang Minh,Phát triển Bất động sản,,Xếp hạng lần đầu,Công cụ nợ,,vnA+,Ổn định,DQML12601,https://saigonratings.com/xhtp-dqml12601-2026/,,,,False,False,Saigon Ratings,2026-09-25 09:03:37,2026-08-27
27/08/2026,Công ty Cổ phần Dịch vụ Cao ốc Masterise Lumiere Office,Phát triển Bất động sản,,Xếp hạng lần đầu,Công cụ nợ,,vnBB+,Ổn định,MLOL12601,https://saigonratings.com/xhtp-mlol12601-2026/,,,,False,False,Saigon Ratings,2026-09-25 09:03:37,2026-08-27
27/08/2026,Công ty Cổ phần Phát triển Hạ tầng và Bất động sản Thái Bảo,Phát triển Bất động sản,,Xếp hạng lần đầu,Công cụ nợ,,vnBB+,Ổn định,TBEL12601,https://saigonratings.com/xhtp-tbel12601-2026/,,,,False,False,Saigon Ratings,2026-09-25 09:03:37,2026-08-27
26/08/2026,Công ty Cổ phần Phát triển Bất động sản Hưng Long,Phát triển Bất động sản,,Xếp hạng lần đầu,Công cụ nợ,,vnBB,Ổn định,HULL12602,https://saigonratings.com/xhtp-hull12602-2026/,,,,False,False,Saigon Ratings,2026-09-25 09:03:37,2026-08-26
26/08/2026,Công ty Cổ phần Phát triển Hạ tầng và Bất động sản Thái Bảo,Phát triển Bất động sản,,Xếp hạng lần đầu,Tổ chức phát hành,,vnBB,Ổn định,,https://saigonratings.com/xhtn-thai_bao-2026/,,,,False,False,Saigon Ratings,2026-09-25 09:03:37,2026-08-26
25/08/2026,Công ty TNHH Đầu tư Kinh doanh và Phát triển Thành Quang,Phát triển Bất động sản,,Xếp hạng lần đầu,Công cụ nợ,,vnBBB-,Ổn định,TQDL12601,https://saigonratings.com/xhtntp-tqdl12601-2026/,,,,False,False,Saigon Ratings,2026-09-25 09:03:37,2026-08-25
24/08/2026,Công ty Cổ phần Vinhomes,Phát triển Bất động sản,,Xếp hạng lần đầu,Công cụ nợ,,vnAA+,Ổn định,VHML12616,https://saigonratings.com/xhtp-vhml12616-2026/,,,,False,False,Saigon Ratings,2026-09-25 09:03:37,2026-08-24
21/08/2026,Công ty Cổ phần Thương mại Xuất nhập khẩu Tam Tài Lộc,Phát triển Bất động sản,,Giám sát Xếp hạng,Tổ chức phát hành,,vnBB-,Ổn định,,https://saigonratings.com/gsxh6t-ttl-2026/,,,,False,False,Saigon Ratings,2026-09-25 09:03:37,2026-08-21
19/08/2026,Công ty TNHH Đầu tư và Phát triển BĐS Trường Minh,Phát triển Bất động sản,,Giám sát Xếp hạng,Tổ chức phát hành,,vnBB,Ổn định,,https://saigonratings.com/gsxh-truong_minh-2026/,,,,False,False,Saigon Ratings,2026-09-25 09:03:37,2026-08-19
18/08/2026,Công ty Cổ phần May - Diêm Sài Gòn,Phát triển Bất động sản,,Giám sát Xếp hạng,Tổ chức phát hành,,vnBBB-,Ổn định,,https://saigonratings.com/gsxh-may_diem-2026/,,,,False,False,Saigon Ratings,2026-09-25 09:03:37,2026-08-18
15/08/2026,Công ty Cổ phần Sản xuất và Kinh doanh VinFast,Sản xuất ôtô,,Giám sát Xếp hạng,Tổ chức phát hành,,vnBBB,Ổn định,,https://saigonratings.com/gsxh-vinfast-2026/,,,,False,False,Saigon Ratings,2026-09-25 09:03:37,2026-08-15
13/08/2026,Công ty TNHH Đầu tư Marina Center,Cho thuê Bất động sản,,Giám sát Xếp hạng,Tổ chức phát hành,,vnBBB+,Ổn định,,https://saigonratings.com/en/ket-qua-giam-sat-xep-hang-cong-ty-tnhh-dau-tu-marina-center-nam-2026/,,,,False,False,Saigon Ratings,2026-09-25 09:03:37,2026-08-13
13/08/2026,Công ty Cổ phần Đầu Tư và Phát triển Bất động sản Minh An,Phát triển Bất động sản,,Giám sát Xếp hạng,Tổ chức phát hành,,vnBB+,Ổn định,,https://saigonratings.com/ket-qua-giam-sat-xep-hang-cong-ty-co-phan-dau-tu-va-phat-trien-bat-dong-san-minh-an-nam-2026/,,,,False,False,Saigon Ratings,2026-09-25 09:03:37,2026-08-13
09/08/2026,Công ty TNHH Allgreen-Vượng Thành-Trùng Dương,Phát triển Bất động sản,,Giám sát Xếp hạng,Tổ chức phát hành,,Bảo mật,Bảo mật,,https://saigonratings.com/ket-qua-giam-sat-xep-hang-cong-ty-tnhh-allgreen-vuong-thanh-trung-duong-nam-2026/,,,,True,False,Saigon Ratings,2026-09-25 09:03:37,2026-08-09
03/08/2026,Công ty Cổ phần Đầu tư MST,Xây dựng - Phát triển Bất động sản,,Xếp hạng lần đầu,Tổ chức phát hành,,vnBB+,Ổn định,,https://saigonratings.com/xhtn-mst-2026/,,,,False,False,Saigon Ratings,2026-09-25 09:03:37,2026-08-03
28/07/2026,Công ty TNHH Đầu tư Kinh doanh và Phát triển Thành Quang,Phát triển Bất động sản,,Xếp hạng lần đầu,Tổ chức phát hành,,vnBBB-,Ổn định,,https://saigonratings.com/ket-qua-xep-hang-cong-ty-tnhh-dau-tu-kinh-doanh-va-phat-trien-thanh-quang/,,,,False,False,Saigon Ratings,2026-09-25 09:03:37,2026-07-28
28/07/2026,Công ty Cổ phần Dịch vụ Cao ốc Masterise Lumiere Office,Phát triển Bất động sản,,Xếp hạng lần đầu,Tổ chức phát hành,,vnBB+,Ổn định,,https://saigonratings.com/xhtn-mlo-2026/,,,,False,False,Saigon Ratings,2026-09-25 09:03:37,2026-07-28
22/07/2026,Công ty TNHH Đầu tư & Phát triển Bất động sản Hải Đăng,Phát triển Bất động sản,,Giám sát Xếp hạng,Tổ chức phát hành,,vnBB+,Ổn định,,https://saigonratings.com/gsxh-haidang-2026/,,,,False,False,Saigon Ratings,2026-09-25 09:03:37,2026-07-22
16/07/2026,Công ty Cổ phần Vinhomes,Phát triển Bất động sản,,Xếp hạng lần đầu,Công cụ nợ,,vnAA+,Ổn định,VHM12615,https://saigonratings.com/xhtntp-vhm12615-2026/,,,,False,False,Saigon Ratings,2026-09-25 09:03:37,2026-07-16
15/07/2026,Công ty Cổ phần Đầu tư Năm Bảy Bảy,Phát triển Bất động sản,,Xếp hạng lần đầu,Tổ chức phát hành,,Bảo mật,Bảo mật,,https://saigonratings.com/xhtn-577-2026/,,,,True,False,Saigon Ratings,2026-09-25 09:03:37,2026-07-15
14/07/2026,Công ty TNHH Xây dựng Hạ tầng Crystal,Phát triển Bất động sản,,Xếp hạng lần đầu,Công cụ nợ,,vnBB+,Ổn định,CIC12601,https://saigonratings.com/xhtntp-cic12601-2026/,,,,False,False,Saigon Ratings,2026-09-25 09:03:37,2026-07-14
09/07/2026,Công ty TNHH Xây dựng Hạ tầng Crystal,Phát triển Bất động sản,,Xếp hạng lần đầu,Tổ chức phát hành,,vnBB,Ổn định,,https://saigonratings.com/xhtn-crystal-2026/,,,,False,False,Saigon Ratings,2026-09-25 09:03:37,2026-07-09
08/07/2026,Công ty Cổ phần Vinhomes,Phát triển Bất động sản,,Xếp hạng lần đầu,Công cụ nợ,,vnAA+,Ổn định,VHM12614,https://saigonratings.com/xhtntp-vhm12614-2026/,,,,False,False,Saigon Ratings,2026-09-25 09:03:37,2026-07-08
08/07/2026,Công ty Cổ phần Vinhomes,Phát triển Bất động sản,,Xếp hạng lần đầu,Công cụ nợ,,vnAA+,Ổn định,VHM12613,https://saigonratings.com/xhtntp-vhm12613-2026/,,,,False,False,Saigon Ratings,2026-09-25 09:03:37,2026-07-08
30/06/2026,Công ty Cổ phần Chứng khoán Rồng Việt (VDS),Chứng khoán,,Giám sát Xếp hạng,Tổ chức phát hành,,vnBBB,Ổn định,,https://saigonratings.com/ket-qua-giam-sat-xep-hang-cong-ty-co-phan-chung-khoan-rong-viet-vds/,,,,False,False,Saigon Ratings,2026-09-25 09:03:37,2026-06-30
30/06/2026,Công ty Cổ phần Đầu tư Hạ tầng Kỹ thuật TPHCM (CII),Hạ tầng kỹ thuật,,Giám sát Xếp hạng,Công cụ nợ,,vnAA-,Ổn định,CII12504,https://saigonratings.com/gsxhtp6t-cii12504-2026/,,,,False,False,Saigon Ratings,2026-09-25 09:03:37,2026-06-30
30/06/2026,Công ty Cổ phần Đầu tư Hạ tầng Kỹ thuật TPHCM (CII),Hạ tầng kỹ thuật,,Giám sát Xếp hạng,Công cụ nợ,,vnA+,Ổn định,CII12503,https://saigonratings.com/gsxhtp6t-cii12503-2026/,,,,False,False,Saigon Ratings,2026-09-25 09:03:37,2026-06-30
30/06/2026,Công Ty Cổ phần Địa Ốc Phú Long,Phát triển Bất động sản,,Giám sát Xếp hạng,Tổ chức phát hành,,Bảo mật,Bảo mật,,,,,,True,False,Saigon Ratings,2026-09-25 09:03:37,2026-06-30
30/06/2026,Công ty Cổ phần Đầu tư Hà Phú Riverland,Phát triển Bất động sản,,Giám sát Xếp hạng,Tổ chức phát hành,,Bảo mật,Bảo mật,,https://saigonratings.com/gsxh6t-haphu-2026/,,,,True,False,Saigon Ratings,2026-09-25 09:03:37,2026-06-30
30/06/2026,Công ty Cổ phần Đầu tư Phong Phú,Phát triển Bất động sản,,Giám sát Xếp hạng,Tổ chức phát hành,,Bảo mật,Bảo mật,,https://saigonratings.com/gsxh6t-phongphu-2026/,,,,True,False,Saigon Ratings,2026-09-25 09:03:37,2026-06-30
29/06/2026,Công ty Cổ phần Phát triển Khu Công nghệ Thông tin Đà Nẵng,Cho thuê Bất động sản,,Xếp hạng lần đầu,Công cụ nợ,,vnB,Ổn định,DIT32601,https://saigonratings.com/xhtn-dit32601-2026/,,,,False,False,Saigon Ratings,2026-09-25 09:03:37,2026-06-29
29/06/2026,Công ty Cổ phần Phát triển Khu Công nghệ Thông tin Đà Nẵng,Cho thuê Bất động sản,,Xếp hạng lần đầu,Tổ chức phát hành,,vnB,Ổn định,,https://saigonratings.com/xhtn-ditp-2026/,,,,False,False,Saigon Ratings,2026-09-25 09:03:37,2026-06-29
29/06/2026,Công ty Cổ phần Dịch vụ Điện tử Việt,Dịch vụ cho thuê Bất động sản,,Xếp hạng lần đầu,Tổ chức phát hành,,vnBBB,Ổn định,,https://saigonratings.com/xhtn-dientuviet-2026/,,,,False,False,Saigon Ratings,2026-09-25 09:03:37,2026-06-29
29/06/2026,Công ty Cổ phần Phát triển Bất động sản Hưng Long,Phát triển Bất động sản,,Xếp hạng lần đầu,Công cụ nợ,,vnBB,Ổn định,HUL32601,https://saigonratings.com/xhtntp-hul32601-2026/,,,,False,False,Saigon Ratings,2026-09-25 09:03:37,2026-06-29
29/06/2026,Công ty TNHH Parkland 53,Phát triển Bất động sản,,Xếp hạng lần đầu,Công cụ nợ,,vnBB-,Ổn định,P5332601,https://saigonratings.com/xhtntp-p5332601-2026/,,,,False,False,Saigon Ratings,2026-09-25 09:03:37,2026-06-29
27/06/2026,Công ty Cổ phần Tổng Công ty Đầu tư và Quản lý Tài sản HD,Dịch vụ mua bán nợ,,Giám sát Xếp hạng,Tổ chức phát hành,,vnBBB,Ổn định,,https://saigonratings.com/gsxh6t-hdamc-2026/,,,,False,False,Saigon Ratings,2026-09-25 09:03:37,2026-06-27
26/06/2026,Công ty Cổ phần Vinhomes,Phát triển Bất động sản,,Xếp hạng lần đầu,Công cụ nợ,,vnAA+,Ổn định,VHM12612,https://saigonratings.com/xhtntp-vhm12612-2026/,,,,False,False,Saigon Ratings,2026-09-25 09:03:37,2026-06-26
26/06/2026,Công ty TNHH Hưng Phát Invest Hà Nội,Phát triển Bất động sản,,Xếp hạng lần đầu,Công cụ nợ,,vnBB+,Ổn định,IHP32602,https://saigonratings.com/xhtntp-ihp32602-2026/,,,,False,False,Saigon Ratings,2026-09-25 09:03:37,2026-06-26
26/06/2026,Công ty TNHH Hưng Phát Invest Hà Nội,Phát triển Bất động sản,,Xếp hạng lần đầu,Công cụ nợ,,vnBB+,Ổn định,IHP12601,https://saigonratings.com/xhtntp-ihp12601-2026/,,,,False,False,Saigon Ratings,2026-09-25 09:03:37,2026-06-26
25/06/2026,Công ty Cổ phần Phát triển Bất động sản Hưng Long,Phát triển Bất động sản,,Xếp hạng lần đầu,Tổ chức phát hành,,vnBB,Ổn định,,https://saigonratings.com/xhtn-hunglong-2026/,,,,False,False,Saigon Ratings,2026-09-25 09:03:37,2026-06-25
25/06/2026,Công ty TNHH Parkland 53,Phát triển Bất động sản,,Xếp hạng lần đầu,Tổ chức phát hành,,vnBB-,Ổn định,,https://saigonratings.com/xhtn-parkland53-2026/,,,,False,False,Saigon Ratings,2026-09-25 09:03:37,2026-06-25
23/06/2026,Công ty Cổ Phần Bảo Hiểm nhân thọ Phú Hưng (PHU HUNG LIFE - PHL),Bảo hiểm nhân thọ,,Giám sát Xếp hạng (hết hạn),Tổ chức phát hành,,Bảo mật,Bảo mật,,https://saigonratings.com/gsxh-phl-2026/,,,,True,False,Saigon Ratings,2026-09-25 09:03:37,2026-06-23
22/06/2026,Công ty Cổ phần Vinhomes,Phát triển Bất động sản,,Xếp hạng lần đầu,Công cụ nợ,,vnAA+,Ổn định,VHM12611,https://saigonratings.com/xhtntp-vhm12611-2026/,,,,False,False,Saigon Ratings,2026-09-25 09:03:37,2026-06-22
19/06/2026,Công ty Cổ phần Đô thị Du lịch Cần Giờ,Phát triển Bất động sản,,Xếp hạng lần đầu,Công cụ nợ,,vnAA-,Ổn định,CGT12601,https://saigonratings.com/xhtntp-cgt12601-2026/,,,,False,False,Saigon Ratings,2026-09-25 09:03:37,2026-06-19
19/06/2026,Công ty Cổ phần Phát triển Thành phố Xanh,Phát triển Bất động sản,,Xếp hạng lần đầu,Công cụ nợ,,vnA+,Ổn định,TPX12601,https://saigonratings.com/xhtntp-tpx12601-2026/,,,,False,False,Saigon Ratings,2026-09-25 09:03:37,2026-06-19
18/06/2026,Công ty TNHH Đầu tư và Phát triển Bất động sản Phát Đạt,Phát triển Bất động sản,,Giám sát Xếp hạng,Tổ chức phát hành,,vnBB+,Ổn định,,https://saigonratings.com/gsxh6t-phatdat-2026/,,,,False,False,Saigon Ratings,2026-09-25 09:03:37,2026-06-18
17/06/2026,Công ty Cổ phần Vinhomes,Phát triển Bất động sản,,Xếp hạng lần đầu,Công cụ nợ,,vnAA+,Ổn định,VHM12610,https://saigonratings.com/xhtntp-vhm12610-2026/,,,,False,False,Saigon Ratings,2026-09-25 09:03:37,2026-06-17
17/06/2026,Công ty Cổ phần Vinhomes,Phát triển Bất động sản,,Xếp hạng lần đầu,Công cụ nợ,,vnAA+,Ổn định,VHM12609,https://saigonratings.com/xhtntp-vhm12609-2026/,,,,False,False,Saigon Ratings,2026-09-25 09:03:37,2026-06-17
17/06/2026,Công ty Cổ phần Vinhomes,Phát triển Bất động sản,,Xếp hạng lần đầu,Công cụ nợ,,vnAA+,Ổn định,VHM12608,https://saigonratings.com/xhtntp-vhm12608-2026/,,,,False,False,Saigon Ratings,2026-09-25 09:03:37,2026-06-17
17/06/2026,Công ty Cổ phần Vinhomes,Phát triển Bất động sản,,Xếp hạng lần đầu,Công cụ nợ,,vnAA+,Ổn định,VHM12607,https://saigonratings.com/xhtntp-vhm12607-2026/,,,,False,False,Saigon Ratings,2026-09-25 09:03:37,2026-06-17
16/06/2026,Công ty Cổ phần Tập đoàn Khải Hoàn Land,Dịch vụ - Phát triển Bất động sản,,Giám sát Xếp hạng,Tổ chức phát hành,,vnBBB-,Ổn định,,https://saigonratings.com/gsxh6t-khg-2026/,,,,False,False,Saigon Ratings,2026-09-25 09:03:37,2026-06-16
12/06/2026,Công ty Cổ phần Crystal Bay Việt Nam,Dịch vụ du lịch lữ hành,,Giám sát Xếp hạng,Tổ chức phát hành,,vnBB,Ổn định,,https://saigonratings.com/gsxh-crystalbay-2026/,,,,False,False,Saigon Ratings,2026-09-25 09:03:37,2026-06-12
12/06/2026,Công ty Cổ phần Đầu tư Thành Thành Công (TTCI),Tổng công ty đầu tư,,Giám sát Xếp hạng,Tổ chức phát hành,,vnA+,Ổn định,,https://saigonratings.com/gsxh-ttci-2026/,,,,False,False,Saigon Ratings,2026-09-25 09:03:37,2026-06-12
12/06/2026,Công ty Cổ phần Ea Súp 1,Sản xuất điện,,Xếp hạng lần đầu,Tổ chức phát hành,,vnBBB,Ổn định,,https://saigonratings.com/xhtn-easup1-2026/,,,,False,False,Saigon Ratings,2026-09-25 09:03:37,2026-06-12
09/06/2026,Công ty Cổ phần Đầu tư Địa ốc Đại Quang Minh,Phát triển Bất động sản,,Giám sát Xếp hạng,Tổ chức phát hành,,vnA,Ổn định,,https://saigonratings.com/gsxh6t-dai_quang_minh-2026/,,,,False,False,Saigon Ratings,2026-09-25 09:03:37,2026-06-09
08/06/2026,Công ty TNHH Mặt trời Hòa Bình,Phát triển Bất động sản,,Giám sát Xếp hạng,Tổ chức phát hành,,vnBBB,Ổn định,,https://saigonratings.com/gsxh6t-mat_troi_hoa_binh-2026/,,,,False,False,Saigon Ratings,2026-09-25 09:03:37,2026-06-08
08/06/2026,Công ty Cổ phần Thuận Đức,Bao bì,,Giám sát Xếp hạng,Tổ chức phát hành,,vnBBB,Tích cực,,https://saigonratings.com/gsxh6t-thuan_duc-2026/,,,,False,False,Saigon Ratings,2026-09-25 09:03:37,2026-06-08
04/06/2026,Công ty Cổ phần Phát triển Thành phố Xanh,Phát triển Bất động sản,,Xếp hạng lần đầu,Tổ chức phát hành,,vnA,Ổn định,,https://saigonratings.com/xhtn-thanhphoxanh-2026/,,,,False,False,Saigon Ratings,2026-09-25 09:03:37,2026-06-04
04/06/2026,Công ty Cổ phần Đô thị Du lịch Cần Giờ,Phát triển Bất động sản,,Xếp hạng lần đầu,Tổ chức phát hành,,vnA+,Ổn định,,https://saigonratings.com/xhtn-cangio-2026/,,,,False,False,Saigon Ratings,2026-09-25 09:03:37,2026-06-04
02/06/2026,Công ty Cổ phần Tandoland,Phát triển Bất động sản,,Xếp hạng lần đầu,Công cụ nợ,,vnA+,Ổn định,TDR12601,https://saigonratings.com/xhtntp-tdr12601-2026/,,,,False,False,Saigon Ratings,2026-09-25 09:03:37,2026-06-02
01/06/2026,Công ty Cổ phần Đầu tư Xây dựng Thái Sơn,Phát triển Bất động sản,,Xếp hạng lần đầu,Công cụ nợ,,vnA,Ổn định,TSO12604,https://saigonratings.com/xhtntp-tso12604-2026/,,,,False,False,Saigon Ratings,2026-09-25 09:03:37,2026-06-01
30/05/2026,Công ty Cổ phần Tập đoàn Đầu tư I.P.A,Tổng Công ty Đầu tư,,Giám sát Xếp hạng,Tổ chức phát hành,,vnA-,Ổn định,,https://saigonratings.com/ket-qua-giam-sat-xep-hang-cong-ty-co-phan-tap-doan-dau-tu-i-p-a-nam-2026-2/,,,,False,False,Saigon Ratings,2026-09-25 09:03:37,2026-05-30
27/05/2026,Công ty Cổ phần Vinpearl,Du lịch,,Xếp hạng lần đầu,Công cụ nợ,,vnAA-,Ổn định,VPL12601,https://saigonratings.com/xhtntp-vpl12601-2026/,,,,False,False,Saigon Ratings,2026-09-25 09:03:37,2026-05-27
27/05/2026,Công ty Cổ phần Đầu tư Xây dựng Thái Sơn,Phát triển Bất động sản,,Xếp hạng lần đầu,Công cụ nợ,,vnA,Ổn định,TSO12603,https://saigonratings.com/xhtntp-tso12603-2026/,,,,False,False,Saigon Ratings,2026-09-25 09:03:37,2026-05-27
26/05/2026,Công ty Cổ phần Khu công nghiệp Thành Thành Công (TTC IZ),Cho thuê Bất động sản,,Giám sát Xếp hạng,Tổ chức phát hành,,vnA,Ổn định,,https://saigonratings.com/gsxh-ttciz-2026/,,,,False,False,Saigon Ratings,2026-09-25 09:03:37,2026-05-26
25/05/2026,Công ty Cổ phần Vinhomes,Phát triển Bất động sản,,Xếp hạng lần đầu,Công cụ nợ,,vnAA+,Ổn định,VHM12606,https://saigonratings.com/xhtntp-vhm12606-2026/,,,,False,False,Saigon Ratings,2026-09-25 09:03:37,2026-05-25
25/05/2026,Công ty Cổ phần Vinhomes,Phát triển Bất động sản,,Xếp hạng lần đầu,Công cụ nợ,,vnAA+,Ổn định,VHM12605,https://saigonratings.com/xhtntp-vhm12605-2026/,,,,False,False,Saigon Ratings,2026-09-25 09:03:37,2026-05-25
25/05/2026,Công Ty Cổ Phần Đầu Tư Và Phát Triển Newco,Phát triển Bất động sản,,Giám sát Xếp hạng,Tổ chức phát hành,,vnBB-,Ổn định,,https://saigonratings.com/gsxh6t-newco-2026/,,,,False,False,Saigon Ratings,2026-09-25 09:03:37,2026-05-25
25/05/2026,Công Ty TNHH Dịch Vụ Thương Mại Tổng Hợp An Thịnh,Phát triển Bất động sản,,Giám sát Xếp hạng,Tổ chức phát hành,,vnBB,Ổn định,,https://saigonratings.com/gsxh6t-an_thinh-2026/,,,,False,False,Saigon Ratings,2026-09-25 09:03:37,2026-05-25
21/05/2026,Công ty Cổ phần Đầu tư Hạ tầng Kỹ thuật TPHCM (CII),Hạ tầng kỹ thuật,,Giám sát Xếp hạng,Tổ chức phát hành,,vnAA-,Ổn định,,https://saigonratings.com/gsxh-cii-2026/,,,,False,False,Saigon Ratings,2026-09-25 09:03:37,2026-05-21
21/05/2026,Công ty TNHH Liên doanh Đầu tư Xây dựng Tam Trinh,Phát triển Bất động sản,,Giám sát Xếp hạng,Tổ chức phát hành,,vnBB-,Ổn định,,https://saigonratings.com/gsxh6t-tam_trinh-2026/,,,,False,False,Saigon Ratings,2026-09-25 09:03:37,2026-05-21
19/05/2026,Công ty TNHH Lạc Việt Quy Nhơn,Phát triển Bất động sản,,Xếp hạng lần đầu,Công cụ nợ,,vnBBB+,Ổn định,LVC12601,https://saigonratings.com/xhtntp-lvc12601-2026/,,,,False,False,Saigon Ratings,2026-09-25 09:03:37,2026-05-19
18/05/2026,Công ty Cổ phần Thương mại và Dịch vụ Quốc tế Thiso,Bán lẻ,,Giám sát Xếp hạng,Tổ chức phát hành,,vnA-,Ổn định,,https://saigonratings.com/gsxh6t-thiso-2026/,,,,False,False,Saigon Ratings,2026-09-25 09:03:37,2026-05-18
12/05/2026,Công ty Cổ phần Đầu tư Xây dựng Thái Sơn,Phát triển Bất động sản,,Xếp hạng lần đầu,Công cụ nợ,,vnA,Ổn định,TSO12602,https://saigonratings.com/xhtntp-tso12602-2026/,,,,False,False,Saigon Ratings,2026-09-25 09:03:37,2026-05-12
11/05/2026,Công ty TNHH Lạc Việt Quy Nhơn,Phát triển Bất động sản,,Xếp hạng lần đầu,Tổ chức phát hành,,vnBBB-,Ổn định,,https://saigonratings.com/xhtn-lac_viet_quy_nhon-2026/,,,,False,False,Saigon Ratings,2026-09-25 09:03:37,2026-05-11
11/05/2026,Công ty Cổ phần Tập đoàn Đầu tư Tây Bắc,Phát triển Bất động sản,,Xếp hạng lần đầu,Tổ chức phát hành,,Bảo mật,Bảo mật,,https://saigonratings.com/xhtn-tay_bac-2026/,,,,True,False,Saigon Ratings,2026-09-25 09:03:37,2026-05-11
07/05/2026,Công ty Cổ phần Đầu tư và Công nghệ TokenBay,Công nghệ thông tin và Tài sản số,,Xếp hạng lần đầu,Tổ chức phát hành,,vnBBB-,Ổn định,,https://saigonratings.com/xhtn-tokenbay-2026/,,,,False,False,Saigon Ratings,2026-09-25 09:03:37,2026-05-07
06/05/2026,Công ty Cổ phần Vinhomes,Phát triển Bất động sản,,Xếp hạng lần đầu,Công cụ nợ,,vnAA+,Ổn định,VHM12604,https://saigonratings.com/xhtntp-vhm12604-2026/,,,,False,False,Saigon Ratings,2026-09-25 09:03:37,2026-05-06
06/05/2026,Công ty Cổ phần Vinhomes,Phát triển Bất động sản,,Xếp hạng lần đầu,Công cụ nợ,,vnAA+,Ổn định,VHM12603,https://saigonratings.com/xhtntp-vhm12603-2026/,,,,False,False,Saigon Ratings,2026-09-25 09:03:37,2026-05-06
06/05/2026,Công ty Cổ phần Vinhomes,Phát triển Bất động sản,,Xếp hạng lần đầu,Công cụ nợ,,vnAA+,Ổn định,VHM12602,https://saigonratings.com/xhtntp-vhm12602-2026/,,,,False,False,Saigon Ratings,2026-09-25 09:03:37,2026-05-06
06/05/2026,Công ty Cổ phần Vinhomes,Phát triển Bất động sản,,Xếp hạng lần đầu,Tổ chức phát hành,,vnAA,Ổn định,,https://saigonratings.com/xhtn-vinhomes-2026/,,,,False,False,Saigon Ratings,2026-09-25 09:03:37,2026-05-06
04/05/2026,Công ty TNHH Thăng Long,Phát triển Bất động sản,,Xếp hạng lần đầu (Cập nhật thông tin),Tổ chức phát hành,,vnBB,Ổn định,,https://saigonratings.com/xhtn-thang_long_cap_nhat-2026/,,,,False,False,Saigon Ratings,2026-09-25 09:03:37,2026-05-04
04/05/2026,Công ty Cổ phần Đầu tư Xây dựng Thái Sơn,Phát triển Bất động sản,,Xếp hạng lần đầu,Công cụ nợ,,vnA,Ổn định,TSO12601,https://saigonratings.com/xhtntp-tso12601-2026/,,,,False,False,Saigon Ratings,2026-09-25 09:03:37,2026-05-04
24/04/2026,Công ty Cổ phần In và Bao bì Goldsun,Bao bì,,Giám sát Xếp hạng,Tổ chức phát hành,,vnBBB-,Ổn định,,https://saigonratings.com/ket-qua-giam-sat-xep-hang-cong-ty-co-phan-in-va-bao-bi-goldsun-nam-2026/,,,,False,False,Saigon Ratings,2026-09-25 09:03:37,2026-04-24
21/04/2026,Công ty Cổ phần Thương mại Xuất nhập khẩu Tam Tài Lộc,Phát triển Bất động sản,,Xếp hạng lần đầu,Công cụ nợ,,vnBB-,Ổn định,LOC32601,https://saigonratings.com/xhtntp-loc32601-2026/,,,,False,False,Saigon Ratings,2026-09-25 09:03:37,2026-04-21
21/04/2026,Công ty Cổ phần Đầu Tư và Phát triển Bất động sản Minh An,Phát triển Bất động sản,,Xếp hạng lần đầu,Công cụ nợ,,vnBB+,Ổn định,MAD32601,https://saigonratings.com/xhtntp-mad32601-2026/,,,,False,False,Saigon Ratings,2026-09-25 09:03:37,2026-04-21
21/04/2026,Công ty Cổ phần Đầu Tư và Phát triển Bất động sản Minh An,Phát triển Bất động sản,,Xếp hạng lần đầu,Công cụ nợ,,vnBB+,Ổn định,MAD12602,https://saigonratings.com/xhtntp-mad12602-2026/,,,,False,False,Saigon Ratings,2026-09-25 09:03:37,2026-04-21
20/04/2026,Công ty TNHH Phát triển Bất động sản An Gia Hưng,Phát triển Bất động sản,,Xếp hạng lần đầu,Tổ chức phát hành,,vnB-,Ổn định,,https://saigonratings.com/xhtn-an_gia_hung-2026/,,,,False,False,Saigon Ratings,2026-09-25 09:03:37,2026-04-20
20/04/2026,Công ty TNHH Hóa chất Hyosung Vina,Công nghiệp hóa chất,,Xếp hạng lần đầu,Tổ chức phát hành,,vnB,Ổn định,,https://saigonratings.com/xhtn-hyosungvina-2026/,,,,False,False,Saigon Ratings,2026-09-25 09:03:37,2026-04-20
20/04/2026,Công ty Cổ phần Vinpearl,Du lịch,,Xếp hạng lần đầu,Tổ chức phát hành,,vnA+,Ổn định,,https://saigonratings.com/xhtn-vinpearl-2026/,,,,False,False,Saigon Ratings,2026-09-25 09:03:37,2026-04-20
14/04/2026,Công ty TNHH MTV VIPICO,Phát triển Bất động sản,,Giám sát Xếp hạng,Tổ chức phát hành,,vnBBB-,Ổn định,,https://saigonratings.com/gsxh6t-vipico-2026/,,,,False,False,Saigon Ratings,2026-09-25 09:03:37,2026-04-14
14/04/2026,Công ty Cổ phần Tandoland,Phát triển Bất động sản,,Xếp hạng lần đầu,Tổ chức phát hành,,vnB+,Ổn định,,https://saigonratings.com/xhtn-tandoland-2026/,,,,False,False,Saigon Ratings,2026-09-25 09:03:37,2026-04-14
10/04/2026,Công ty Cổ phần Đầu tư và Phát triển Hạ tầng Nam Quang,Phát triển Bất động sản,,Giám sát Xếp hạng,Tổ chức phát hành,,vnBBB-,Ổn định,,https://saigonratings.com/gsxh6t-nam_quang-2026/,,,,False,False,Saigon Ratings,2026-09-25 09:03:37,2026-04-10
03/04/2026,Công ty TNHH Thăng Long,Phát triển Bất động sản,,Xếp hạng lần đầu,Tổ chức phát hành,,vnBB,Ổn định,,https://saigonratings.com/xhtn-thang_long_2026/,,,,False,False,Saigon Ratings,2026-09-25 09:03:37,2026-04-03
02/04/2026,Công ty Cổ phần Nông nghiệp BAF Việt Nam,Chăn nuôi,,Giám sát Xếp hạng,Tổ chức phát hành,,vnA,Ổn định,,https://saigonratings.com/gsxh6t-baf-2026/,,,,False,False,Saigon Ratings,2026-09-25 09:03:37,2026-04-02
01/04/2026,Công ty Cổ phần Di chuyển Xanh và Thông minh GSM,Vận tải,,Giám sát Xếp hạng,Tổ chức phát hành,,vnBBB+,Ổn định,,https://saigonratings.com/gsxh-gsm-2026/,,,,False,False,Saigon Ratings,2026-09-25 09:03:37,2026-04-01
31/03/2026,Công ty Cổ phần Năng lượng Bắc Hà,Sản xuất điện,,Giám sát Xếp hạng,Tổ chức phát hành,,vnA-,Ổn định,,https://saigonratings.com/gsxhtn-bac_ha-2026/,,,,False,False,Saigon Ratings,2026-09-25 09:03:37,2026-03-31
31/03/2026,Công ty Cổ Phần Đầu Tư Xây Dựng NEW TECH,Phát triển Bất động sản,,Giám sát Xếp hạng,Tổ chức phát hành,,vnBB,Ổn định,,https://saigonratings.com/gsxh-new_tech-2026/,,,,False,False,Saigon Ratings,2026-09-25 09:03:37,2026-03-31
30/03/2026,Công ty Cổ phần Đầu tư Xây dựng Thái Sơn,Phát triển Bất động sản,,Giám sát Xếp hạng,Tổ chức phát hành,,vnA-,Ổn định,,https://saigonratings.com/gsxh6t-thai_son-2026/,,,,False,False,Saigon Ratings,2026-09-25 09:03:37,2026-03-30
30/03/2026,Công ty Cổ phần Thời đại mới T&T,Phát triển Bất động sản,,Xếp hạng lần đầu,Công cụ nợ,,vnBB+,Ổn định,NTJ12601,https://saigonratings.com/xhtn-tp-ntj12601-2026/,,,,False,False,Saigon Ratings,2026-09-25 09:03:37,2026-03-30
26/03/2026,Công ty Cổ phần Phát triển Khu Công nghiệp và Đô thị Thủ Thừa,Cho thuê Bất động sản,,Giám sát Xếp hạng,Tổ chức phát hành,,vnBBB,Ổn định,,https://saigonratings.com/gsxh6t-thu_thua-2026/,,,,False,False,Saigon Ratings,2026-09-25 09:03:37,2026-03-26
25/03/2026,Công ty Cổ phần Thành Thành Công - Biên Hòa (SBT),Sản xuất đường,,Giám sát Xếp hạng,Tổ chức phát hành,,vnA+,Ổn định,,https://saigonratings.com/gsxhtn-sbt-2026/,,,,False,False,Saigon Ratings,2026-09-25 09:03:37,2026-03-25
18/03/2026,Công ty Cổ phần Tư Vấn và Kinh Doanh Bất động sản TCO,Phát triển Bất động sản,,Giám sát Xếp hạng,Tổ chức phát hành,,vnBB-,Ổn định,,https://saigonratings.com/gsxh6t-tco-2026/,,,,False,False,Saigon Ratings,2026-09-25 09:03:37,2026-03-18
18/03/2026,Công ty Cổ phần Thời đại mới T&T,Phát triển Bất động sản,,Giám sát Xếp hạng,Tổ chức phát hành,,vnBB+,Ổn định,,https://saigonratings.com/gsxh6t-tnt-2026/,,,,False,False,Saigon Ratings,2026-09-25 09:03:37,2026-03-18
17/03/2026,Công ty TNHH Hưng Phát Invest Hà Nội,Phát triển Bất động sản,,Giám sát Xếp hạng,Tổ chức phát hành,,vnBB+,Ổn định,,https://saigonratings.com/gsxh6t-hung-phat-invest-2026/,,,,False,False,Saigon Ratings,2026-09-25 09:03:37,2026-03-17
16/03/2026,Công ty TNHH Đầu tư và Phát triển Đô thị Tiên Du,Phát triển Bất động sản,,Xếp hạng lần đầu,Tổ chức phát hành,,vnBBB-,Ổn định,,https://saigonratings.com/xhtn-tien_du-2026/,,,,False,False,Saigon Ratings,2026-09-25 09:03:37,2026-03-16
13/03/2026,Công ty TNHH Đầu tư Marina Center,Cho thuê Bất động sản,,Giám sát Xếp hạng,Tổ chức phát hành,,vnBBB+,Ổn định,,https://saigonratings.com/gsxh6t-marina_center_2026/,,,,False,False,Saigon Ratings,2026-09-25 09:03:37,2026-03-13
10/03/2026,Công Ty Cổ phần Hàng Không VIETJET (VIETJET AIR),Hàng không,,Giám sát Xếp hạng,Tổ chức phát hành,,vnBBB,Ổn định,,,,,,False,False,Saigon Ratings,2026-09-25 09:03:37,2026-03-10
25/02/2026,Công ty Cổ phần Thương mại Xuất nhập khẩu Tam Tài Lộc,Phát triển Bất động sản,,Xếp hạng lần đầu,Tổ chức phát hành,,vnBB-,Ổn định,,https://saigonratings.com/xhtn-tam_tam_loc-2026/,,,,False,False,Saigon Ratings,2026-09-25 09:03:37,2026-02-25
25/02/2026,Công ty Cổ phần Đầu Tư và Phát triển Bất động sản Minh An,Phát triển Bất động sản,,Xếp hạng lần đầu,Tổ chức phát hành,,vnBB+,Ổn định,,https://saigonratings.com/xhtn-minh_an-2026/,,,,False,False,Saigon Ratings,2026-09-25 09:03:37,2026-02-25
15/02/2026,Công ty Cổ phần Sản xuất và Kinh doanh VinFast,Sản xuất ôtô,,Giám sát Xếp hạng,Tổ chức phát hành,,vnBB+,Ổn định,,https://saigonratings.com/gsxh6t-vinfast-2026/,,,,False,False,Saigon Ratings,2026-09-25 09:03:37,2026-02-15
12/02/2026,Công ty Cổ phần Đầu tư Thành Thành Công (TTCI),Tổng công ty đầu tư,,Giám sát Xếp hạng,Tổ chức phát hành,,vnA+,Ổn định,,https://saigonratings.com/gsxh6t-ttci-2026/,,,,False,False,Saigon Ratings,2026-09-25 09:03:37,2026-02-12
11/02/2026,Công ty TNHH Đầu tư và Phát triển BĐS Trường Minh,Phát triển Bất động sản,,Giám sát Xếp hạng,Tổ chức phát hành,,vnBB,Ổn định,,https://saigonratings.com/kqgsxh6t-truong_minh-2026/,,,,False,False,Saigon Ratings,2026-09-25 09:03:37,2026-02-11
10/02/2026,Công ty Cổ phần May - Diêm Sài Gòn,Phát triển Bất động sản,,Giám sát Xếp hạng,Tổ chức phát hành,,vnBBB-,Ổn định,,https://saigonratings.com/kqgsxh6t-may_diem-2026/,,,,False,False,Saigon Ratings,2026-09-25 09:03:37,2026-02-10
09/02/2026,Công ty TNHH Allgreen-Vượng Thành-Trùng Dương,Phát triển Bất động sản,,Giám sát Xếp hạng,Tổ chức phát hành,,Bảo mật,Bảo mật,,https://saigonratings.com/gsxh6t-avt-2026/,,,,True,False,Saigon Ratings,2026-09-25 09:03:37,2026-02-09
04/02/2026,Công Ty Xây Dựng Và Kinh Doanh Cơ Sở Hạ Tầng Khu Công Nghiệp Hà Nội - Đài Tư,Cho thuê Bất động sản,,Giám sát Xếp hạng (hết hạn),Tổ chức phát hành,,vnBBB-,Ổn định,,https://saigonratings.com/gsxh6t-dai-tu-2026/,,,,False,False,Saigon Ratings,2026-09-25 09:03:37,2026-02-04
31/01/2026,Công ty Cổ phần Chứng khoán Rồng Việt (VDS),Chứng khoán,,Giám sát Xếp hạng,Tổ chức phát hành,,vnBBB,Ổn định,,https://saigonratings.com/gsxhtn-vds-2026/,,,,False,False,Saigon Ratings,2026-09-25 09:03:37,2026-01-31
22/01/2026,Công ty TNHH Đầu tư & Phát triển Bất động sản Hải Đăng,Phát triển Bất động sản,,Giám sát Xếp hạng,Tổ chức phát hành,,vnBB+,Ổn định,,https://saigonratings.com/gsxh6t-hai-dang-2026/,,,,False,False,Saigon Ratings,2026-09-25 09:03:37,2026-01-22
14/01/2026,Công ty Cổ phần Mua bán nợ và Quản lý tài sản HDBank,Dịch vụ mua bán nợ,,Giám sát Xếp hạng,Tổ chức phát hành,,vnBBB,Ổn định,,https://saigonratings.com/giam-sat-xep-hang-ctcp-mua-ban-no-va-quan-ly-tai-san-hdbank-nam-2026/,,,,False,False,Saigon Ratings,2026-09-25 09:03:37,2026-01-14
10/01/2026,Công ty Cổ phần Đầu tư Tiền Phong Thái Bình,Phát triển Bất động sản,,Giám sát Xếp hạng (hết hạn),Tổ chức phát hành,,vnBB,Ổn định,,https://saigonratings.com/gsxh6t-tien-phong-thai-binh-2026/,,,,False,False,Saigon Ratings,2026-09-25 09:03:37,2026-01-10
31/12/2025,Công Ty Cổ phần Địa Ốc Phú Long,Phát triển Bất động sản,,Giám sát Xếp hạng,Tổ chức phát hành,,Bảo mật,Bảo mật,,https://saigonratings.com/gsxhtn-phu_long-2026/,,,,True,False,Saigon Ratings,2026-09-25 09:03:37,2025-12-31
31/12/2025,Công ty Cổ phần Đầu tư Hạ tầng Kỹ thuật TPHCM (CII),Hạ tầng kỹ thuật,,Xếp hạng lần đầu,Công cụ nợ,,vnAA-,Ổn định,CII12504,https://saigonratings.com/xhtn-tp-cii12504-2025/,,,,False,False,Saigon Ratings,2026-09-25 09:03:37,2025-12-31
31/12/2025,Công ty Cổ phần Đầu tư Hạ tầng Kỹ thuật TPHCM (CII),Hạ tầng kỹ thuật,,Xếp hạng lần đầu,Công cụ nợ,,vnA+,Ổn định,CII12503,https://saigonratings.com/ket-qua-xep-hang-tin-nhiem-lan-dau-trai-phieu-cii12503/,,,,False,False,Saigon Ratings,2026-09-25 09:03:37,2025-12-31
31/12/2025,Công ty Cổ phần Đầu tư Hà Phú Riverland,Phát triển Bất động sản,,Xếp hạng lần đầu,Tổ chức phát hành,,Bảo mật,Bảo mật,,https://saigonratings.com/xhtn-ha-phu-2025/,,,,True,False,Saigon Ratings,2026-09-25 09:03:37,2025-12-31
31/12/2025,Công ty Cổ phần Đầu tư Phong Phú,Phát triển Bất động sản,,Xếp hạng lần đầu,Tổ chức phát hành,,Bảo mật,Bảo mật,,https://saigonratings.com/xhtn-phong-phu-2025/,,,,True,False,Saigon Ratings,2026-09-25 09:03:37,2025-12-31
25/12/2025,Công ty Cổ phần Đầu tư Hạ tầng Kỹ thuật TPHCM (CII),Hạ tầng kỹ thuật,,Giám sát Xếp hạng (hết hạn),Công cụ nợ,,vnA+,Ổn định,CII425001,https://saigonratings.com/gsxh6t-tp-cii-2025/,,,,False,False,Saigon Ratings,2026-09-25 09:03:37,2025-12-25
18/12/2025,Công ty TNHH Đầu tư và Phát triển Bất động sản Phát Đạt,Phát triển Bất động sản,,Xếp hạng lần đầu,Tổ chức phát hành,,vnBB+,Ổn định,,https://saigonratings.com/xhtn-phat_dat-2025/,,,,False,False,Saigon Ratings,2026-09-25 09:03:37,2025-12-18
17/12/2025,Công ty Cổ phần Đầu tư Địa ốc Đại Quang Minh,Phát triển Bất động sản,,Xếp hạng lần đầu,Tổ chức phát hành,,vnA,Ổn định,,https://saigonratings.com/xhtn-dai_quang_minh-2025/,,,,False,False,Saigon Ratings,2026-09-25 09:03:37,2025-12-17
16/12/2025,Công ty Cổ phần Tập đoàn Khải Hoàn Land,Dịch vụ - Phát triển Bất động sản,,Giám sát Xếp hạng,Tổ chức phát hành,,vnBBB-,Ổn định,,https://saigonratings.com/gsxh6t-khai_hoan_land-2025/,,,,False,False,Saigon Ratings,2026-09-25 09:03:37,2025-12-16
12/12/2025,Công ty Cổ phần Crystal Bay Việt Nam,Dịch vụ du lịch lữ hành,,Giám sát Xếp hạng,Tổ chức phát hành,,vnBB,Không thuận lợi,,https://saigonratings.com/gsxh6t-crystalbay-2025/,,,,False,False,Saigon Ratings,2026-09-25 09:03:37,2025-12-12
08/12/2025,Công ty TNHH Mặt trời Hòa Bình,Phát triển Bất động sản,,Xếp hạng lần đầu,Tổ chức phát hành,,vnBBB,Ổn định,,https://saigonratings.com/xhtn-mt_hoa_binh_2025/,,,,False,False,Saigon Ratings,2026-09-25 09:03:37,2025-12-08
08/12/2025,Công ty Cổ phần Thuận Đức,Bao bì,,Giám sát Xếp hạng,Tổ chức phát hành,,vnBBB,Ổn định,,https://saigonratings.com/gsxh-thuan-duc-2025/,,,,False,False,Saigon Ratings,2026-09-25 09:03:37,2025-12-08
04/12/2025,Công ty Cổ phần Dịch vụ Cao ốc Masterise Lumiere Office,Phát triển Bất động sản,,Giám sát Xếp hạng,Tổ chức phát hành,,Bảo mật,Bảo mật,,https://saigonratings.com/gsxh6m-mlo-2025/,,,,True,False,Saigon Ratings,2026-09-25 09:03:37,2025-12-04
26/11/2025,Công ty Cổ phần Khu công nghiệp Thành Thành Công (TTC IZ),Cho thuê Bất động sản,,Giám sát Xếp hạng,Tổ chức phát hành,,vnA,Ổn định,,https://saigonratings.com/gsxh6t-ttciz-2025/,,,,False,False,Saigon Ratings,2026-09-25 09:03:37,2025-11-26
25/11/2025,Công Ty TNHH Dịch Vụ Thương Mại Tổng Hợp An Thịnh,Phát triển Bất động sản,,Giám sát Xếp hạng,Tổ chức phát hành,,vnBB,Ổn định,,https://saigonratings.com/gsxhtn-an_thinh-2025/,,,,False,False,Saigon Ratings,2026-09-25 09:03:37,2025-11-25
25/11/2025,Công Ty Cổ Phần Đầu Tư Và Phát Triển Newco,Phát triển Bất động sản,,Giám sát Xếp hạng,Tổ chức phát hành,,vnBB-,Ổn định,,https://saigonratings.com/gsxh-newco-2025/,,,,False,False,Saigon Ratings,2026-09-25 09:03:37,2025-11-25
21/11/2025,Công ty TNHH Liên doanh Đầu tư Xây dựng Tam Trinh,Phát triển Bất động sản,,Xếp hạng lần đầu,Tổ chức phát hành,,vnBB-,Ổn định,,https://saigonratings.com/xhtn-tamtrinh-2025/,,,,False,False,Saigon Ratings,2026-09-25 09:03:37,2025-11-21
20/11/2025,Công ty Cổ phần Đầu tư Hạ tầng Kỹ thuật TPHCM (CII),Hạ tầng kỹ thuật,,Giám sát Xếp hạng,Tổ chức phát hành,,vnAA-,Ổn định,,https://saigonratings.com/kqgsxh6t-cii-2025/,,,,False,False,Saigon Ratings,2026-09-25 09:03:37,2025-11-20
18/11/2025,Công ty Cổ phần Thương mại và Dịch vụ Quốc tế Thiso,Bán lẻ,,Xếp hạng lần đầu,Tổ chức phát hành,,vnA-,Ổn định,,https://saigonratings.com/ket-qua-xep-hang-thiso-2025/,,,,False,False,Saigon Ratings,2026-09-25 09:03:37,2025-11-18
14/11/2025,Công ty Cổ phần Tập đoàn Đầu tư I.P.A,Tổng Công ty Đầu tư,,Giám sát Xếp hạng,Tổ chức phát hành,,vnA-,Ổn định,,https://saigonratings.com/gsxh6t-ipa-2025/,,,,False,False,Saigon Ratings,2026-09-25 09:03:37,2025-11-14
03/11/2025,Công ty Cổ phần Kinh doanh và Phát triển Bình Dương,Phát triển Bất động sản,,Xếp hạng lần đầu (hết hạn),Tổ chức phát hành,,vnBBB,Ổn định,,https://saigonratings.com/ket-qua-xep-hang-cong-ty-tdc-2025/,,,,False,False,Saigon Ratings,2026-09-25 09:03:37,2025-11-03
30/10/2025,Công ty Cổ phần In và Bao bì Goldsun,Bao bì,,Xếp hạng lần đầu,Tổ chức phát hành,,vnBBB-,Ổn định,,https://saigonratings.com/ket-qua-xep-hang-goldsun-2025/,,,,False,False,Saigon Ratings,2026-09-25 09:03:37,2025-10-30
20/10/2025,Công ty Cổ phần Thành Thành Công - Biên Hòa (SBT),Sản xuất đường,,Giám sát Xếp hạng,Tổ chức phát hành,,vnA+,Ổn định,,https://saigonratings.com/gsxh6t-sbt-2025/,,,,False,False,Saigon Ratings,2026-09-25 09:03:37,2025-10-20
16/10/2025,Công ty TNHH MTV VIPICO,Phát triển Bất động sản,,Xếp hạng lần đầu,Tổ chức phát hành,,vnBBB-,Ổn định,,https://saigonratings.com/xhtn-vipico-2025/,,,,False,False,Saigon Ratings,2026-09-25 09:03:37,2025-10-16
10/10/2025,Công ty Cổ phần Đầu tư và Phát triển Hạ tầng Nam Quang,Phát triển Bất động sản,,Xếp hạng lần đầu,Tổ chức phát hành,,vnBBB-,Ổn định,,https://saigonratings.com/xhtn-nam_quang-2025/,,,,False,False,Saigon Ratings,2026-09-25 09:03:37,2025-10-10
08/10/2025,Công ty Cổ phần AAC Việt Nam,Phát triển Bất động sản,,Giám sát Xếp hạng (hết hạn),Tổ chức phát hành,,vnBBB-,Ổn định,,https://saigonratings.com/gsxh6t-aac-2025/,,,,False,False,Saigon Ratings,2026-09-25 09:03:37,2025-10-08
03/10/2025,Công ty Cổ phần Đầu tư Phát triển Bất động sản Thành Vinh,Phát triển Bất động sản,,Giám sát Xếp hạng (hết hạn),Tổ chức phát hành,,vnBBB-,Ổn định,,https://saigonratings.com/gsxh6t-thanhvinh-2025/,,,,False,False,Saigon Ratings,2026-09-25 09:03:37,2025-10-03
03/10/2025,Công ty Cổ phần Nông nghiệp BAF Việt Nam,Chăn nuôi,,Xếp hạng lần đầu,Tổ chức phát hành,,vnA,Ổn định,,https://saigonratings.com/ket-qua-xep-hang-baf-2025/,,,,False,False,Saigon Ratings,2026-09-25 09:03:37,2025-10-03
01/10/2025,Công ty Cổ phần Di chuyển Xanh và Thông minh GSM,Vận tải,,Xếp hạng lần đầu,Tổ chức phát hành,,vnBBB,Ổn định,,https://saigonratings.com/xhtn-gsm-2025/,,,,False,False,Saigon Ratings,2026-09-25 09:03:37,2025-10-01
30/09/2025,Công ty Cổ phần Đầu tư Xây dựng Thái Sơn,Phát triển Bất động sản,,Xếp hạng lần đầu,Tổ chức phát hành,,vnA-,Ổn định,,https://saigonratings.com/xhtn-thai_son-2025/,,,,False,False,Saigon Ratings,2026-09-25 09:03:37,2025-09-30
30/09/2025,Công ty Cổ phần Năng lượng Bắc Hà,Sản xuất điện,,Giám sát Xếp hạng,Tổ chức phát hành,,vnA-,Ổn định,,https://saigonratings.com/gsxh6t-bac_ha-2025/,,,,False,False,Saigon Ratings,2026-09-25 09:03:37,2025-09-30
26/09/2025,Công ty Cổ phần Phát triển Khu Công nghiệp và Đô thị Thủ Thừa,Cho thuê Bất động sản,,Xếp hạng lần đầu,Tổ chức phát hành,,vnBBB,Ổn định,,https://saigonratings.com/xhtn-thu_thua-2025/,,,,False,False,Saigon Ratings,2026-09-25 09:03:37,2025-09-26
22/09/2025,Công ty Cổ phần Tư Vấn và Kinh Doanh Bất động sản TCO,Phát triển Bất động sản,,Giám sát Xếp hạng,Tổ chức phát hành,,vnBB-,Ổn định,,https://saigonratings.com/gsxhtn-tco-2025/,,,,False,False,Saigon Ratings,2026-09-25 09:03:37,2025-09-22
19/09/2025,Công ty Cổ phần Tập đoàn Khải Hoàn Land,Dịch vụ - Phát triển Bất động sản,,Gia hạn Giám sát Xếp hạng,Tổ chức phát hành,,vnBBB-,Ổn định,,https://saigonratings.com/gia-han-giam-sat-khai_hoan_land-2025/,,,,False,False,Saigon Ratings,2026-09-25 09:03:37,2025-09-19
19/09/2025,Công ty TNHH Hưng Phát Invest Hà Nội,Phát triển Bất động sản,,Xếp hạng lần đầu,Tổ chức phát hành,,vnBB+,Ổn định,,https://saigonratings.com/xhtn-hung_phat-2025/,,,,False,False,Saigon Ratings,2026-09-25 09:03:37,2025-09-19
18/09/2025,Công ty Cổ phần Thời đại mới T&T,Phát triển Bất động sản,,Xếp hạng lần đầu,Tổ chức phát hành,,vnBB+,Ổn định,,https://saigonratings.com/xhtn-t_t-2025/,,,,False,False,Saigon Ratings,2026-09-25 09:03:37,2025-09-18
17/09/2025,Công ty Cổ phần Thuận Đức,Bao bì,,Gia hạn Giám sát Xếp hạng,Tổ chức phát hành,,vnBBB,Ổn định,,https://saigonratings.com/giahan-thuan_duc-2025/,,,,False,False,Saigon Ratings,2026-09-25 09:03:37,2025-09-17
15/09/2025,Công ty TNHH Đầu tư Marina Center,Cho thuê Bất động sản,,Xếp hạng lần đầu,Tổ chức phát hành,,vnBBB+,Ổn định,,https://saigonratings.com/xhtn-marina_center-2025/,,,,False,False,Saigon Ratings,2026-09-25 09:03:37,2025-09-15
12/09/2025,Công ty Cổ Phần Đầu Tư Xây Dựng NEW TECH,Phát triển Bất động sản,,Giám sát Xếp hạng,Tổ chức phát hành,,vnBB,Ổn định,,https://saigonratings.com/gsxh6t-newtech-2025/,,,,False,False,Saigon Ratings,2026-09-25 09:03:37,2025-09-12
10/09/2025,Công Ty Cổ phần Hàng Không VIETJET (VIETJET AIR),Hàng không,,Giám sát Xếp hạng,Tổ chức phát hành,,vnBBB,Ổn định,,https://saigonratings.com/gsxh-vietjet-2025/,,,,False,False,Saigon Ratings,2026-09-25 09:03:37,2025-09-10
04/09/2025,Công ty Cổ phần Đầu tư và Xây dựng Xa lộ Hà Nội,Hạ tầng vận tải,,Giám sát Xếp hạng (hết hạn),Tổ chức phát hành,,vnA+,Ổn định,,https://saigonratings.com/gsxh6t-xlhn-2025/,,,,False,False,Saigon Ratings,2026-09-25 09:03:37,2025-09-04
20/08/2025,Công ty TNHH Đầu tư và Phát triển BĐS Trường Minh,Phát triển Bất động sản,,Xếp hạng lần đầu,Tổ chức phát hành,,vnBB,Ổn định,,https://saigonratings.com/xhtn-truong_minh-2025/,,,,False,False,Saigon Ratings,2026-09-25 09:03:37,2025-08-20
19/08/2025,Công ty Cổ phần May - Diêm Sài Gòn,Phát triển Bất động sản,,Xếp hạng lần đầu,Tổ chức phát hành,,vnBBB-,Ổn định,,https://saigonratings.com/xhtn-may_diem_2025/,,,,False,False,Saigon Ratings,2026-09-25 09:03:37,2025-08-19
15/08/2025,Công ty Cổ phần Sản xuất và Kinh doanh VinFast,Sản xuất ôtô,,Giám sát Xếp hạng,Tổ chức phát hành,,vnBB+,Ổn định,,https://saigonratings.com/gsxh-thuong_nien-vinfast-2025/,,,,False,False,Saigon Ratings,2026-09-25 09:03:37,2025-08-15
13/08/2025,Công ty Cổ Phần Bảo Hiểm Phú Hưng (PAC),Bảo hiểm phi nhân thọ,,Giám sát Xếp hạng (hết hạn),Tổ chức phát hành,,Bảo mật,Bảo mật,,https://saigonratings.com/ket-qua-giam-sat-xep-hang-ctcp-bao-hiem-phu-hung-pac-nam-2025/,,,,True,False,Saigon Ratings,2026-09-25 09:03:37,2025-08-13
12/08/2025,Công ty Cổ phần Đầu tư Thành Thành Công (TTCI),Tổng công ty đầu tư,,Giám sát Xếp hạng,Tổ chức phát hành,,vnA+,Ổn định,,https://saigonratings.com/gsxh-ttci-2025/,,,,False,False,Saigon Ratings,2026-09-25 09:03:37,2025-08-12
09/08/2025,Công ty TNHH Allgreen-Vượng Thành-Trùng Dương,Phát triển Bất động sản,,Giám sát Xếp hạng,Tổ chức phát hành,,Bảo mật,Bảo mật,,https://saigonratings.com/gsxh-thuong_nien-avt-2025/,,,,True,False,Saigon Ratings,2026-09-25 09:03:37,2025-08-09
04/08/2025,Công Ty Xây Dựng Và Kinh Doanh Cơ Sở Hạ Tầng Khu Công Nghiệp Hà Nội - Đài Tư,Cho thuê Bất động sản,,Xếp hạng lần đầu (hết hạn),Tổ chức phát hành,,vnBBB-,Ổn định,,https://saigonratings.com/xhtn-dai_tu-2025/,,,,False,False,Saigon Ratings,2026-09-25 09:03:37,2025-08-04
31/07/2025,Công ty Cổ phần Chứng khoán Rồng Việt (VDS),Chứng khoán,,Giám sát Xếp hạng,Tổ chức phát hành,,vnBBB,Ổn định,,https://saigonratings.com/gsxh6t-rong_viet-2025/,,,,False,False,Saigon Ratings,2026-09-25 09:03:37,2025-07-31
22/07/2025,Công ty TNHH Đầu tư & Phát triển Bất động sản Hải Đăng,Phát triển Bất động sản,,Giám sát Xếp hạng,Tổ chức phát hành,,vnBB+,Ổn định,,https://saigonratings.com/gsxh-hai_dang_2025/,,,,False,False,Saigon Ratings,2026-09-25 09:03:37,2025-07-22
11/07/2025,Công ty Cổ phần Đầu tư Tiền Phong Thái Bình,Phát triển Bất động sản,,Xếp hạng lần đầu (hết hạn),Tổ chức phát hành,,vnBB,Ổn định,,https://saigonratings.com/xhtn-tien-phong-thai-binh-2025/,,,,False,False,Saigon Ratings,2026-09-25 09:03:37,2025-07-11
10/07/2025,Công ty Cổ phần Mua bán nợ và Quản lý tài sản HDBank,Dịch vụ mua bán nợ,,Giám sát Xếp hạng,Tổ chức phát hành,,vnBB+,Ổn định,,https://saigonratings.com/gsxh6t-hdamc-2025/,,,,False,False,Saigon Ratings,2026-09-25 09:03:37,2025-07-10
10/07/2025,Công ty Cổ phần Khu công nghiệp Thành Thành Công (TTC IZ),Cho thuê Bất động sản,,Giám sát Xếp hạng,Tổ chức phát hành,,vnA,Tích cực,,https://saigonratings.com/gsxh-ttciz-2025/,,,,False,False,Saigon Ratings,2026-09-25 09:03:37,2025-07-10
09/07/2025,Công ty TNHH Năng lượng tái tạo,Năng lượng,,Giám sát Xếp hạng (hết hạn),Tổ chức phát hành,,vnBB,Ổn định,,https://saigonratings.com/gsxh6t-re-2025/,,,,False,False,Saigon Ratings,2026-09-25 09:03:37,2025-07-09
09/07/2025,Công ty Cổ phần Tập đoàn Khải Hoàn Land,Dịch vụ - Phát triển Bất động sản,,Giám sát Xếp hạng,Tổ chức phát hành,,vnBBB-,Ổn định,,https://saigonratings.com/gsxh-khg-2025/,,,,False,False,Saigon Ratings,2026-09-25 09:03:37,2025-07-09
03/07/2025,Công ty TNHH Mặt Trời Hạ Long,Dịch vụ vui chơi giải trí và Phát triển bất động sản,,Xếp hạng lần đầu (hết hạn),Tổ chức phát hành,,vnBBB+,Ổn định,,https://saigonratings.com/xhtn-mthl-2025/,,,,False,False,Saigon Ratings,2026-09-25 09:03:37,2025-07-03
30/06/2025,Công Ty Cổ phần Địa Ốc Phú Long,Phát triển Bất động sản,,Giám sát Xếp hạng,Tổ chức phát hành,,Bảo mật,Bảo mật,,https://saigonratings.com/gsxh6t-phu-long-2025/,,,,True,False,Saigon Ratings,2026-09-25 09:03:37,2025-06-30
30/06/2025,Công ty Cổ phần Rox Key Holdings,Dịch vụ chuyên biệt,,Giám sát Xếp hạng (hết hạn),Tổ chức phát hành,,vnA-,Ổn định,,https://saigonratings.com/gsxh6t-roxkey-2025/,,,,False,False,Saigon Ratings,2026-09-25 09:03:37,2025-06-30
26/06/2025,Công ty Cổ phần Đầu tư Hạ tầng Kỹ thuật TPHCM (CII),Hạ tầng kỹ thuật,,Xếp hạng lần đầu (hết hạn),Công cụ nợ,,vnA+,Ổn định,CII425001,https://saigonratings.com/xhtnccn-cii-2025/,,,,False,False,Saigon Ratings,2026-09-25 09:03:37,2025-06-26
24/06/2025,Công ty TNHH Thành phố Aqua,Phát triển Bất động sản,,Xếp hạng lần đầu (hết hạn),Tổ chức phát hành,,vnBB+,Tích cực,,https://saigonratings.com/kqxhtn-aquacity-2025/,,,,False,False,Saigon Ratings,2026-09-25 09:03:37,2025-06-24
23/06/2025,Công ty Cổ Phần Bảo Hiểm nhân thọ Phú Hưng (PHU HUNG LIFE - PHL),Bảo hiểm nhân thọ,,Giám sát Xếp hạng (hết hạn),Tổ chức phát hành,,Bảo mật,Bảo mật,,https://saigonratings.com/gsxh-phl-2025/,,,,True,False,Saigon Ratings,2026-09-25 09:03:37,2025-06-23
17/06/2025,Công ty Cổ phần Thuận Đức,Bao bì,,Giám sát Xếp hạng,Tổ chức phát hành,,vnBBB,Ổn định,,https://saigonratings.com/gsxh6t-thuan_duc-2025/,,,,False,False,Saigon Ratings,2026-09-25 09:03:37,2025-06-17
13/06/2025,Công ty Cổ phần Crystal Bay Việt Nam,Dịch vụ du lịch lữ hành,,Xếp hạng lần đầu,Tổ chức phát hành,,vnBB,Ổn định,,https://saigonratings.com/xhtn-crystalbay-2025/,,,,False,False,Saigon Ratings,2026-09-25 09:03:37,2025-06-13
04/06/2025,Công ty Cổ phần Dịch vụ Cao ốc Masterise Lumiere Office,Phát triển Bất động sản,,Giám sát Xếp hạng,Tổ chức phát hành,,Bảo mật,Bảo mật,,https://saigonratings.com/gsxh-mlo-2025/,,,,True,False,Saigon Ratings,2026-09-25 09:03:37,2025-06-04
23/05/2025,Công Ty Cổ Phần Đầu Tư Và Phát Triển Newco,Phát triển Bất động sản,,Giám sát Xếp hạng,Tổ chức phát hành,,vnBB-,Ổn định,,https://saigonratings.com/gsxh6t-newco-2025/,,,,False,False,Saigon Ratings,2026-09-25 09:03:37,2025-05-23
21/05/2025,Công ty Cổ phần Đầu tư Hạ tầng Kỹ thuật TPHCM (CII),Hạ tầng vận tải,,Giám sát Xếp hạng,Tổ chức phát hành,,vnAA-,Ổn định,,https://saigonratings.com/gsxh-cii-2025/,,,,False,False,Saigon Ratings,2026-09-25 09:03:37,2025-05-21
21/05/2025,Công ty Cổ phần Xuất Nhập Khẩu Sài Gòn Xanh,Phát triển Bất động sản,,Giám sát Xếp hạng (hết hạn),Tổ chức phát hành,,vnBB,Ổn định,,https://saigonratings.com/gsxh6t-saigon_xanh-2025/,,,,False,False,Saigon Ratings,2026-09-25 09:03:37,2025-05-21
21/05/2025,Công Ty TNHH Dịch Vụ Thương Mại Tổng Hợp An Thịnh,Phát triển Bất động sản,,Giám sát Xếp hạng,Tổ chức phát hành,,vnBB,Ổn định,,https://saigonratings.com/gsxh6t-an_thinh-2025/,,,,False,False,Saigon Ratings,2026-09-25 09:03:37,2025-05-21
16/05/2025,Công ty Cổ phần Tập đoàn Đầu tư I.P.A,Tổng Công ty Đầu tư,,Giám sát Xếp hạng,Tổ chức phát hành,,vnA-,Ổn định,,https://saigonratings.com/giam-sat-thuong-nien-ipa-2025/,,,,False,False,Saigon Ratings,2026-09-25 09:03:37,2025-05-16
12/05/2025,Công ty Cổ phần Tư Vấn và Kinh Doanh Bất động sản TCO,Phát triển Bất động sản,,Giám sát Xếp hạng,Tổ chức phát hành,,vnBB-,Ổn định,,https://saigonratings.com/gsxh6t-tco-2025/,,,,False,False,Saigon Ratings,2026-09-25 09:03:37,2025-05-12
24/04/2025,Công ty Cổ phần Thành Thành Công - Biên Hòa (SBT),Sản xuất đường,,Xếp hạng lần đầu,Tổ chức phát hành,,vnA+,Ổn định,,https://saigonratings.com/xhtn-sbt-2025/,,,,False,False,Saigon Ratings,2026-09-25 09:03:37,2025-04-24
10/04/2025,Công ty Cổ phần Đầu tư Năm Bảy Bảy,Phát triển Bất động sản,,Giám sát Xếp hạng (hết hạn),Tổ chức phát hành,,Bảo mật,Bảo mật,,https://saigonratings.com/gsxh6t-nam_bay_bay-2025/,,,,True,False,Saigon Ratings,2026-09-25 09:03:37,2025-04-10
08/04/2025,Công ty Cổ phần AAC Việt Nam,Phát triển Bất động sản,,Xếp hạng lần đầu (hết hạn),Tổ chức phát hành,,vnBBB-,Ổn định,,https://saigonratings.com/xhtn-aac-2025/,,,,False,False,Saigon Ratings,2026-09-25 09:03:37,2025-04-08
03/04/2025,Công ty Cổ phần Đầu tư Phát triển Bất động sản Thành Vinh,Phát triển Bất động sản,,Xếp hạng lần đầu (hết hạn),Tổ chức phát hành,,vnBBB-,Ổn định,,https://saigonratings.com/?p=7530&preview=true,,,,False,False,Saigon Ratings,2026-09-25 09:03:37,2025-04-03
31/03/2025,Công ty Cổ phần Năng lượng Bắc Hà,Sản xuất điện,,Xếp hạng lần đầu,Tổ chức phát hành,,vnA-,Ổn định,,https://saigonratings.com/kqxh-bacha-2025/,,,,False,False,Saigon Ratings,2026-09-25 09:03:37,2025-03-31
31/03/2025,Công ty Cổ phần Dịch vụ Cao ốc Masterise Lumiere Office,Phát triển Bất động sản,,Giám sát Xếp hạng,Tổ chức phát hành,,Bảo mật,Bảo mật,,https://saigonratings.com/gsxh6t-mlo-2025/,,,,True,False,Saigon Ratings,2026-09-25 09:03:37,2025-03-31
27/03/2025,Công ty TNHH Phát triển Bất động sản Nhà Sài Gòn,Phát triển Bất động sản,,Giám sát Xếp hạng (hết hạn),Tổ chức phát hành,,vnB-,Ổn định,,https://saigonratings.com/gsxh6t-nha_sai_gon-2025/,,,,False,False,Saigon Ratings,2026-09-25 09:03:37,2025-03-27
27/03/2025,Công ty Cổ phần Đầu tư và Phát triển Residence,Phát triển Bất động sản,,Giám sát Xếp hạng (hết hạn),Tổ chức phát hành,,vnB,Ổn định,,https://saigonratings.com/gsxh6t-residence-2025/,,,,False,False,Saigon Ratings,2026-09-25 09:03:37,2025-03-27
17/03/2025,Công ty TNHH Allgreen-Vượng Thành-Trùng Dương,Phát triển Bất động sản,,Giám sát Xếp hạng,Tổ chức phát hành,,vnBB+,Ổn định,,https://saigonratings.com/gsxh6t-avt-2025/,,,,False,False,Saigon Ratings,2026-09-25 09:03:37,2025-03-17
17/03/2025,Công ty Cổ phần Sản xuất và Kinh doanh VinFast,Sản xuất ôtô,,Giám sát Xếp hạng,Tổ chức phát hành,,vnBB,Ổn định,,https://saigonratings.com/gsxh6t-vinfast-2025/,,,,False,False,Saigon Ratings,2026-09-25 09:03:37,2025-03-17
17/03/2025,Công ty Cổ Phần Đầu Tư Xây Dựng NEW TECH,Phát triển Bất động sản,,Xếp hạng lần đầu,Tổ chức phát hành,,vnBB,Ổn định,,https://saigonratings.com/kqxh-newtech-2025/,,,,False,False,Saigon Ratings,2026-09-25 09:03:37,2025-03-17
10/03/2025,Công ty Cổ phần Sunshine Sky Villa,Phát triển Bất động sản,,Giám sát Xếp hạng (hết hạn),Tổ chức phát hành,,vnBBB-,Ổn định,,https://saigonratings.com/gsxh6t-skyvilla-2025/,,,,False,False,Saigon Ratings,2026-09-25 09:03:37,2025-03-10
05/03/2025,Công ty Cổ phần Đầu tư và Xây dựng Xa lộ Hà Nội,Hạ tầng vận tải,,Giám sát Xếp hạng (hết hạn),Tổ chức phát hành,,vnA+,Ổn định,,https://saigonratings.com/gsxh-xlhn-2025/,,,,False,False,Saigon Ratings,2026-09-25 09:03:37,2025-03-05
20/02/2025,Công ty Cổ phần Đầu tư Thành Thành Công (TTCI),Tổng công ty đầu tư,,Giám sát Xếp hạng,Tổ chức phát hành,,vnA+,Ổn định,,https://saigonratings.com/gsxh6t-ttci-2025/,,,,False,False,Saigon Ratings,2026-09-25 09:03:37,2025-02-20
10/02/2025,Công ty Cổ phần Đầu tư Hoàng Đông Dương,Phát triển Bất động sản,,Giám sát Xếp hạng (hết hạn),Tổ chức phát hành,,vnBB,Ổn định,,https://saigonratings.com/gsxh6t-hoang-dong-duong-2025/,,,,False,False,Saigon Ratings,2026-09-25 09:03:37,2025-02-10
03/02/2025,Công ty Cổ phần Đầu tư Hạ tầng Kỹ thuật TPHCM (CII),Hạ tầng vận tải,,Giám sát Xếp hạng,Tổ chức phát hành,,vnA+,Ổn định,,https://saigonratings.com/?p=7300&preview=true,,,,False,False,Saigon Ratings,2026-09-25 09:03:37,2025-02-03
24/01/2025,Công ty TNHH Công nghiệp - Bất động sản và Xây dựng Song Phương,Phát triển Bất động sản,,Giám sát Xếp hạng (hết hạn),Tổ chức phát hành,,vnBBB-,Ổn định,,https://saigonratings.com/gsxh6t-song-phuong-2025/,,,,False,False,Saigon Ratings,2026-09-25 09:03:37,2025-01-24
22/01/2025,Công ty TNHH Đầu tư & Phát triển Bất động sản Hải Đăng,Phát triển Bất động sản,,Giám sát Xếp hạng,Tổ chức phát hành,,vnBB+,Ổn định,,https://saigonratings.com/gsxh6t-hai_dang-2025/,,,,False,False,Saigon Ratings,2026-09-25 09:03:37,2025-01-22
17/01/2025,Công ty Cổ phần Huy Dương Group,Phát triển Bất động sản,,Giám sát Xếp hạng (hết hạn),Tổ chức phát hành,,vnBB-,Ổn định,,https://saigonratings.com/gsxh6t-hdgr-2025/,,,,False,False,Saigon Ratings,2026-09-25 09:03:37,2025-01-17
02/01/2025,Công ty Cổ phần Chứng khoán Rồng Việt (VDS),Chứng khoán,,Giám sát Xếp hạng,Tổ chức phát hành,,vnBBB,Ổn định,,https://saigonratings.com/gsxh-rong-viet-2025/,,,,False,False,Saigon Ratings,2026-09-25 09:03:37,2025-01-02
31/12/2024,Công ty Cổ phần Khu công nghiệp Thành Thành Công (TTC IZ),Cho thuê Bất động sản,,Giám sát Xếp hạng,Tổ chức phát hành,,vnA,Ổn định,,https://saigonratings.com/gsxh6t-ttc_kcn-2024/,,,,False,False,Saigon Ratings,2026-09-25 09:03:37,2024-12-31
31/12/2024,Công Ty Cổ phần Địa Ốc Phú Long,Phát triển Bất động sản,,Xếp hạng lần đầu,Tổ chức phát hành,,Bảo mật,Bảo mật,,https://saigonratings.com/kqxhtn-phu_long-2024/,,,,True,True,Saigon Ratings,2026-09-25 09:03:37,2024-12-31
31/12/2024,Công ty Cổ phần Tập đoàn Sovico,Tập đoàn đa ngành,,Xếp hạng lần đầu (hết hạn),Tổ chức phát hành,,Bảo mật,Bảo mật,,https://saigonratings.com/kqxhtn-tap_doan_sovico-2024/,,,,True,True,Saigon Ratings,2026-09-25 09:03:37,2024-12-31
31/12/2024,Công ty Cổ phần Sovico,Tổng Công ty Đầu tư (IHC),,Xếp hạng lần đầu (hết hạn),Tổ chức phát hành,,Bảo mật,Bảo mật,,https://saigonratings.com/kqxhtn-sovico-2024/,,,,True,False,Saigon Ratings,2026-09-25 09:03:37,2024-12-31
27/12/2024,Công ty Cổ phần Xuất Nhập Khẩu Sài Gòn Xanh,Phát triển Bất động sản,,Giám sát Xếp hạng (hết hạn),Tổ chức phát hành,,vnBB,Ổn định,,https://saigonratings.com/gsxh-sgx-2024/,,,,False,False,Saigon Ratings,2026-09-25 09:03:37,2024-12-27
27/12/2024,Công ty Cổ phần Mua bán nợ và Quản lý tài sản HDBank,Dịch vụ mua bán nợ,,Xếp hạng lần đầu,Tổ chức phát hành,,vnBB+,Ổn định,,https://saigonratings.com/kqxhtn-hdamc-2024/,,,,False,False,Saigon Ratings,2026-09-25 09:03:37,2024-12-27
26/12/2024,Công Ty Cổ phần Hàng Không VIETJET (VIETJET AIR),Hàng không,,Giám sát Xếp hạng,Tổ chức phát hành,,vnBBB-,Ổn định,,https://saigonratings.com/gsxh6t-vjc-2024/,,,,False,False,Saigon Ratings,2026-09-25 09:03:37,2024-12-26
21/12/2024,Công ty TNHH Năng lượng tái tạo,Năng lượng,,Xếp hạng lần đầu (hết hạn),Tổ chức phát hành,,vnBB,Ổn định,,https://saigonratings.com/kqxhtn-re-2024/,,,,False,False,Saigon Ratings,2026-09-25 09:03:37,2024-12-21
16/12/2024,Công ty Cổ phần Tập đoàn Khải Hoàn Land,Dịch vụ - Phát triển Bất động sản,,Giám sát Xếp hạng,Tổ chức phát hành,,vnBBB-,Ổn định,,https://saigonratings.com/gsxh-khai_hoan_land-2024/,,,,False,False,Saigon Ratings,2026-09-25 09:03:37,2024-12-16
13/12/2024,Công ty Cổ phần Tập đoàn Đầu tư I.P.A,Tổng Công ty Đầu tư (IHC),,Giám sát Xếp hạng,Tổ chức phát hành,,vnBBB+,Ổn định,,https://saigonratings.com/gsxh6t-ipa-2024/,,,,False,False,Saigon Ratings,2026-09-25 09:03:37,2024-12-13
12/12/2024,Công ty Cổ phần Thuận Đức,Bao bì,,Giám sát Xếp hạng,Tổ chức phát hành,,vnBBB,Ổn định,,https://saigonratings.com/gsxh-thuan-duc-2024/,,,,False,False,Saigon Ratings,2026-09-25 09:03:37,2024-12-12
30/11/2024,Công ty Cổ phần Du lịch Thành Thành Công,Dịch vụ Khách sạn - Nhà hàng - Giải trí,,Giám sát Xếp hạng (hết hạn),Tổ chức phát hành,,vnBBB+,Ổn định,,https://saigonratings.com/gsxh6t-ttcdl-2024/,,,,False,False,Saigon Ratings,2026-09-25 09:03:37,2024-11-30
28/11/2024,Công ty Cổ phần Rox Key Holdings,Dịch vụ chuyên biệt,,Xếp hạng lần đầu (hết hạn),Tổ chức phát hành,,vnA-,Ổn định,,https://saigonratings.com/kqxhtn-rox_key_holdings-2024/,,,,False,False,Saigon Ratings,2026-09-25 09:03:37,2024-11-28
25/11/2024,Công Ty TNHH Dịch Vụ Thương Mại Tổng Hợp An Thịnh,Phát triển Bất động sản,,Xếp hạng lần đầu,Tổ chức phát hành,,vnBB,Ổn định,,https://saigonratings.com/kqxhtn-an_thinh-2024/,,,,False,False,Saigon Ratings,2026-09-25 09:03:37,2024-11-25
25/11/2024,Công Ty Cổ Phần Đầu Tư Và Phát Triển Newco,Phát triển Bất động sản,,Xếp hạng lần đầu,Tổ chức phát hành,,vnBB-,Ổn định,,https://saigonratings.com/kqxhtn-newco-2024/,,,,False,False,Saigon Ratings,2026-09-25 09:03:37,2024-11-25
12/11/2024,Công ty Cổ phần Xuất Nhập Khẩu Sài Gòn Xanh,Phát triển Bất động sản,,Xếp hạng lần đầu (hết hạn),Tổ chức phát hành,,Bảo mật,Bảo mật,,https://saigonratings.com/kqxhtn-saigonxanh-2024/,,,,True,False,Saigon Ratings,2026-09-25 09:03:37,2024-11-12
06/11/2024,Công ty Cổ phần Tư Vấn và Kinh Doanh Bất động sản TCO,Phát triển Bất động sản,,Xếp hạng lần đầu,Tổ chức phát hành,,vnBB-,Ổn định,,https://saigonratings.com/kqxhtn-tco-2024/,,,,False,False,Saigon Ratings,2026-09-25 09:03:37,2024-11-06
23/10/2024,Công ty TNHH Khu Đô thị mới Trung Minh,Phát triển Bất động sản,,Giám sát Xếp hạng (hết hạn),Tổ chức phát hành,,vnBB-,Ổn định,,https://saigonratings.com/gsxh6t-trung_minh-2024/,,,,False,False,Saigon Ratings,2026-09-25 09:03:37,2024-10-23
23/10/2024,Công ty TNHH Aqua City Hòa Bình,Phát triển Bất động sản,,Giám sát Xếp hạng (hết hạn),Tổ chức phát hành,,vnBB-,Ổn định,,https://saigonratings.com/gsxh6t-aquacity-2024/,,,,False,False,Saigon Ratings,2026-09-25 09:03:37,2024-10-23
23/10/2024,Công ty Cổ phần Phát triển Nhiên liệu Sinh học Việt Nam,Hóa chất,,Giám sát Xếp hạng (hết hạn),Tổ chức phát hành,,vnCCC+,Tiêu cực,,https://saigonratings.com/gsxh6t-nhien-lieu-sinh-hoc-2024/,,,,False,False,Saigon Ratings,2026-09-25 09:03:37,2024-10-23
27/09/2024,Công ty Cổ phần Đầu tư Năm Bảy Bảy,Phát triển Bất động sản,,Xếp hạng lần đầu (hết hạn),Tổ chức phát hành,,Bảo mật,Bảo mật,,https://saigonratings.com/kqxhtn-nambaybay-2024/,,,,True,False,Saigon Ratings,2026-09-25 09:03:37,2024-09-27
27/09/2024,Công ty Cổ phần Đầu tư và Phát triển Residence,Phát triển Bất động sản,,Xếp hạng lần đầu (hết hạn),Tổ chức phát hành,,vnB,Ổn định,,https://saigonratings.com/kqxhtn-residence-2024/,,,,False,False,Saigon Ratings,2026-09-25 09:03:37,2024-09-27
27/09/2024,Công ty TNHH Phát triển Bất động sản Nhà Sài Gòn,Phát triển Bất động sản,,Xếp hạng lần đầu (hết hạn),Tổ chức phát hành,,vnB-,Ổn định,,https://saigonratings.com/kqxhtn-nha_sai_gon-2024/,,,,False,False,Saigon Ratings,2026-09-25 09:03:37,2024-09-27
23/09/2024,Công ty Cổ phần Dịch vụ Cao ốc Masterise Lumiere Office,Phát triển Bất động sản,,Xếp hạng lần đầu,Tổ chức phát hành,,Bảo mật,Bảo mật,,https://saigonratings.com/kqxhtn-mlo-2024/,,,,True,False,Saigon Ratings,2026-09-25 09:03:37,2024-09-23
16/09/2024,Công ty Cổ phần Sản xuất và Kinh doanh VinFast,Sản xuất ôtô,,Xếp hạng lần đầu,Tổ chức phát hành,,vnBB,Ổn định,,https://saigonratings.com/kqxhtn-vinfast-2024/,,,,False,False,Saigon Ratings,2026-09-25 09:03:37,2024-09-16
12/09/2024,Công ty Cổ phần Sunshine Sky Villa,Phát triển Bất động sản,,Xếp hạng lần đầu (hết hạn),Tổ chức phát hành,,vnBBB-,Ổn định,,https://saigonratings.com/kqxhtn-sunshine-sky-villa-2024/,,,,False,False,Saigon Ratings,2026-09-25 09:03:37,2024-09-12
10/09/2024,Công ty Cổ phần Di chuyển Xanh và Thông minh GSM,Vận tải,,Xếp hạng lần đầu (hết hạn),Tổ chức phát hành,,vnBB,Ổn định,,https://saigonratings.com/kqxhtn-gsm-2024/,,,,False,False,Saigon Ratings,2026-09-25 09:03:37,2024-09-10
19/08/2024,Công ty TNHH Logisvalley Bắc Ninh (FDI),Cho thuê Bất động sản,,Giám sát Xếp hạng (hết hạn),Tổ chức phát hành,,vnBBB-,Ổn định,,https://saigonratings.com/gsxh6t-logisvalley_bacninh-2024/,,,,False,False,Saigon Ratings,2026-09-25 09:03:37,2024-08-19
19/08/2024,Công ty TNHH Logisvalley Vina (FDI),Cho thuê Bất động sản,,Giám sát Xếp hạng (hết hạn),Tổ chức phát hành,,vnBB+,Ổn định,,https://saigonratings.com/gsxh6t-logisvalley_vina-2024/,,,,False,False,Saigon Ratings,2026-09-25 09:03:37,2024-08-19
13/08/2024,Công ty Cổ Phần Bảo Hiểm Phú Hưng (PAC),Bảo hiểm phi nhân thọ,,Giám sát Xếp hạng (hết hạn),Tổ chức phát hành,,Bảo mật,Bảo mật,,https://saigonratings.com/gsxh-pac-2024/,,,,True,False,Saigon Ratings,2026-09-25 09:03:37,2024-08-13
09/08/2024,Công ty TNHH Allgreen-Vượng Thành-Trùng Dương,Phát triển Bất động sản,,Xếp hạng lần đầu,Tổ chức phát hành,,vnBB+,Ổn định,,https://saigonratings.com/kqxhtn-trung-duong-2024/,,,,False,False,Saigon Ratings,2026-09-25 09:03:37,2024-08-09
31/07/2024,Công ty Cổ phần Chứng khoán Rồng Việt (VDS),Chứng khoán,,Giám sát Xếp hạng,Tổ chức phát hành,,vnBBB,Ổn định,,https://saigonratings.com/gsxh6t-rong-viet-2024/,,,,False,False,Saigon Ratings,2026-09-25 09:03:37,2024-07-31
31/07/2024,Công ty Cổ phần Bệnh viện Quốc tế Thái Nguyên,Dịch vụ y tế,,Giám sát Xếp hạng (hết hạn),Tổ chức phát hành,,vnA+,Ổn định,,https://saigonratings.com/gsxh6t-benh-vien-tnh-2024/,,,,False,False,Saigon Ratings,2026-09-25 09:03:37,2024-07-31
30/07/2024,Công ty Cổ phần Thương mại Du Lịch Lạc Hồng,Dịch vụ lưu trú,,Giám sát Xếp hạng (hết hạn),Tổ chức phát hành,,vnBBB,Ổn định,,https://saigonratings.com/gsxh6t-lac-hong-2024/,,,,False,False,Saigon Ratings,2026-09-25 09:03:37,2024-07-30
30/07/2024,Công ty Cổ phần Đầu tư Hoàng Đông Dương,Phát triển Bất động sản,,Xếp hạng lần đầu (hết hạn),Tổ chức phát hành,,vnBB,Ổn định,,https://saigonratings.com/kqxhtn-hoang-dong-duong-2024/,,,,False,False,Saigon Ratings,2026-09-25 09:03:37,2024-07-30
22/07/2024,Công ty TNHH Đầu tư & Phát triển Bất động sản Hải Đăng,Phát triển Bất động sản,,Xếp hạng lần đầu,Tổ chức phát hành,,vnBB+,Ổn định,,https://saigonratings.com/kqxhtn-hai-dang-2024/,,,,False,False,Saigon Ratings,2026-09-25 09:03:37,2024-07-22
18/07/2024,Công ty Cổ phần Dịch vụ Cáp treo Bà Nà,Vui chơi - Giải trí,,Giám sát Xếp hạng (hết hạn),Tổ chức phát hành,,vnBBB-,Ổn định,,https://saigonratings.com/gsxh-6t-cap-treo-ba-na-2024/,,,,False,False,Saigon Ratings,2026-09-25 09:03:37,2024-07-18
18/07/2024,Công ty Cổ phần Năng lượng TNPower,Năng lượng,,Giám sát Xếp hạng (Hết hạn),Tổ chức phát hành,,Bảo mật,Bảo mật,,https://saigonratings.com/gsxhtn-tnpower-2024/,,,,True,False,Saigon Ratings,2026-09-25 09:03:37,2024-07-18
16/07/2024,Công ty Cổ phần Huy Dương Group,Phát triển Bất động sản,,Xếp hạng lần đầu (hết hạn),Tổ chức phát hành,,vnBB-,Ổn định,,https://saigonratings.com/kqxhtn-hdg-2024/,,,,False,False,Saigon Ratings,2026-09-25 09:03:37,2024-07-16
15/07/2024,Công ty Cổ phần Đầu tư Thành Thành Công (TTCI),Tổng công ty đầu tư,,Giám sát Xếp hạng,Tổ chức phát hành,,vnA+,Ổn định,,https://saigonratings.com/gsxhtn-ttc_dau_tu-2024/,,,,False,False,Saigon Ratings,2026-09-25 09:03:37,2024-07-15
12/07/2024,Công ty Cổ phần BOT Trung Lương - Mỹ Thuận,Hạ tầng vận tải,,Xếp hạng lần đầu (hết hạn),Tổ chức phát hành,,vnA,Ổn định,,https://saigonratings.com/kqxhtn-bot-trung-luong-2024/,,,,False,False,Saigon Ratings,2026-09-25 09:03:37,2024-07-12
09/07/2024,Công ty Cổ phần Tập đoàn Khải Hoàn Land,Dịch vụ - Phát triển Bất động sản,,Giám sát Xếp hạng,Tổ chức phát hành,,vnBBB-,Ổn định,,https://saigonratings.com/gsxh-6t-khai-hoan-land-2024/,,,,False,False,Saigon Ratings,2026-09-25 09:03:37,2024-07-09
08/07/2024,Công ty TNHH Công nghiệp - Bất động sản và Xây dựng Song Phương,Phát triển Bất động sản,,Xếp hạng lần đầu (hết hạn),Tổ chức phát hành,,vnBBB-,Ổn định,,https://saigonratings.com/kqxhtn-song-phuong-2024/,,,,False,False,Saigon Ratings,2026-09-25 09:03:37,2024-07-08
02/07/2024,Công ty Cổ phần Đầu tư và Xây dựng Xa lộ Hà Nội,Hạ tầng vận tải,,Giám sát Xếp hạng (hết hạn),Tổ chức phát hành,,vnA+,Ổn định,,https://saigonratings.com/gsxh-6t-xlhn-2024/,,,,False,False,Saigon Ratings,2026-09-25 09:03:37,2024-07-02
01/07/2024,Công ty TNHH MTV BOT Tỉnh Ninh Thuận,Hạ tầng vận tải,,Giám sát Xếp hạng (hết hạn),Tổ chức phát hành,,vnA,Ổn định,,https://saigonratings.com/gsxh-6t-bot-ninh-thuan-2024/,,,,False,False,Saigon Ratings,2026-09-25 09:03:37,2024-07-01
01/07/2024,Công ty Cổ phần Đầu tư Hạ tầng Kỹ thuật TPHCM (CII),Hạ tầng vận tải,,Xếp hạng lần đầu,Tổ chức phát hành,,vnA+,Ổn định,,https://saigonratings.com/kqxhtn-cii-2024/,,,,False,False,Saigon Ratings,2026-09-25 09:03:37,2024-07-01
28/06/2024,Công ty Cổ phần Thành Thành Công - Biên Hòa (SBT),Sản xuất đường,,Giám sát Xếp hạng (Hết hạn),Tổ chức phát hành,,vnA+,Ổn định,,https://saigonratings.com/gsxhtn-sbt-2024/,,,,False,False,Saigon Ratings,2026-09-25 09:03:37,2024-06-28
26/06/2024,Công Ty Cổ Phần Hàng Không VIETJET (VIETJET AIR),Hàng không,,Giám sát Xếp hạng,Tổ chức phát hành,,vnBBB-,Ổn định,,https://saigonratings.com/gsxhtn-vietjet-2024/,,,,False,False,Saigon Ratings,2026-09-25 09:03:37,2024-06-26
18/06/2024,Công ty Cổ phần Đầu tư và Thương mại TNG,May mặc,,Giám sát Xếp hạng (hết hạn),Tổ chức phát hành,,vnA,Ổn định,,https://saigonratings.com/gsxh6t-tng-may-mac-2024/,,,,False,False,Saigon Ratings,2026-09-25 09:03:37,2024-06-18
17/06/2024,Công ty Cổ phần Khu công nghiệp Thành Thành Công (TTC IZ),Cho thuê Bất động sản,,Giám sát Xếp hạng,Tổ chức phát hành,,vnA,Ổn định,,https://saigonratings.com/gsxhtn-ttc_kcn-2024/,,,,False,False,Saigon Ratings,2026-09-25 09:03:37,2024-06-17
17/06/2024,Công ty Cổ phần Thương mại Du lịch Tân Thành,Phát triển Bất động sản,,Giám sát Xếp hạng (Hết hạn),Tổ chức phát hành,,vnBBB+,Ổn định,,https://saigonratings.com/gsxh6t-tan-thanh-2024/,,,,False,False,Saigon Ratings,2026-09-25 09:03:37,2024-06-17
06/06/2024,Công ty Cổ phần Thuận Đức,Bao bì,,Giám sát Xếp hạng,Tổ chức phát hành,,vnBBB,Ổn định,,https://saigonratings.com/gsxh-6t-thuan-duc-2024/,,,,False,False,Saigon Ratings,2026-09-25 09:03:37,2024-06-06
05/06/2024,Công ty Cổ Phần Bảo Hiểm nhân thọ Phú Hưng (PHU HUNG LIFE - PHL),Bảo hiểm nhân thọ,,Giám sát Xếp hạng (hết hạn),Tổ chức phát hành,,Bảo mật,Bảo mật,,https://saigonratings.com/ket-qua-xep-hang-tin-nhiem-cong-ty-co-phan-bao-hiem-nhan-tho-phu-hung-phu-hung-life-nam-2024/,,,,True,False,Saigon Ratings,2026-09-25 09:03:37,2024-06-05
31/05/2024,Công ty Cổ phần Tập đoàn Đầu tư I.P.A,Tổng Công ty Đầu tư,,Xếp hạng lần đầu,Tổ chức phát hành,,vnBBB+,Ổn định,,https://saigonratings.com/kqxhtn-ipa-2024/,,,,False,False,Saigon Ratings,2026-09-25 09:03:37,2024-05-31
30/05/2024,Công ty Cổ phần Du lịch Thành Thành Công,Dịch vụ Khách sạn - Nhà hàng - Giải trí,,Xếp hạng lần đầu (hết hạn),Tổ chức phát hành,,vnBBB+,Ổn định,,https://saigonratings.com/kqxhtn-du-lich-thanh-thanh-cong-2024/,,,,False,False,Saigon Ratings,2026-09-25 09:03:37,2024-05-30
17/04/2024,Công ty Cổ phần Phát triển Nhiên liệu Sinh học Việt Nam,Hóa chất,,Xếp hạng lần đầu (hết hạn),Tổ chức phát hành,,vnCCC+,Tiêu cực,,https://saigonratings.com/kqxhtn-nhien-lieu-sinh-hoc-2024/,,,,False,False,Saigon Ratings,2026-09-25 09:03:37,2024-04-17
12/04/2024,Công ty TNHH Aqua City Hòa Bình,Phát triển Bất động sản,,Xếp hạng lần đầu (hết hạn),Tổ chức phát hành,,vnBB-,Ổn định,,https://saigonratings.com/kqxhtn-aqua-hoabinh-2024/,,,,False,False,Saigon Ratings,2026-09-25 09:03:37,2024-04-12
12/04/2024,Công ty TNHH Khu Đô thị mới Trung Minh,Phát triển Bất động sản,,Xếp hạng lần đầu (hết hạn),Tổ chức phát hành,,vnBB-,Ổn định,,https://saigonratings.com/kqxhtn-trung-minh-2024/,,,,False,False,Saigon Ratings,2026-09-25 09:03:37,2024-04-12
23/02/2024,Công ty TNHH Logisvalley Bắc Ninh (FDI),Cho thuê Bất động sản,,Xếp hạng lần đầu (hết hạn),Tổ chức phát hành,,vnBBB-,Ổn định,,https://saigonratings.com/kqxhtn-logisvalley-bacninh-2024/,,,,False,False,Saigon Ratings,2026-09-25 09:03:37,2024-02-23
23/02/2024,Công ty TNHH Logisvalley Vina (FDI),Cho thuê Bất động sản,,Xếp hạng lần đầu (hết hạn),Tổ chức phát hành,,vnBB+,Ổn định,,https://saigonratings.com/kqxhtn-logisvalley-vina-2024/,,,,False,False,Saigon Ratings,2026-09-25 09:03:37,2024-02-23
23/01/2024,Công ty Cổ phần Thương mại Du Lịch Lạc Hồng,Dịch vụ lưu trú,,Xếp hạng lần đầu (hết hạn),Tổ chức phát hành,,vnBBB,Ổn định,,https://saigonratings.com/kqxhtn-cong-ty-du-lich-lac-hong-2024/,,,,False,False,Saigon Ratings,2026-09-25 09:03:37,2024-01-23
12/01/2024,Công ty Cổ phần Đầu tư Thành Thành Công (TTCI),Tổng công ty đầu tư,,Giám sát Xếp hạng,Tổ chức phát hành,,vnA+,Ổn định,,https://saigonratings.com/gsxhtn-ttc_dau_tu-2023/,,,,False,False,Saigon Ratings,2026-09-25 09:03:37,2024-01-12
09/01/2024,Công ty Cổ phần Đầu tư & Quản lý Khách sạn TNH,Dịch vụ lưu trú,,Giám sát Xếp hạng (Hết hạn),Tổ chức phát hành,,Bảo mật,Bảo mật,,https://saigonratings.com/ket-qua-giam-sat-xep-hang-tin-nhiem-lan-1-tnh-2023/,,,,True,False,Saigon Ratings,2026-09-25 09:03:37,2024-01-09
31/12/2023,Công ty Cổ phần Chứng khoán Rồng Việt (VDS),Chứng khoán,,Xếp hạng lần đầu,Tổ chức phát hành,,vnBBB,Ổn định,,https://saigonratings.com/kqxhtn-chung-khoan-rong-viet-2023/,,,,False,False,Saigon Ratings,2026-09-25 09:03:37,2023-12-31
30/12/2023,Công ty Cổ phần Dịch vụ Cáp treo Bà Nà,Vui chơi - Giải trí,,Xếp hạng lần đầu (hết hạn),Tổ chức phát hành,,vnBBB-,Ổn định,,https://saigonratings.com/kqxhtn-cap-treo-ba-na-2023/,,,,False,False,Saigon Ratings,2026-09-25 09:03:37,2023-12-30
25/12/2023,Công ty TNHH MTV BOT Tỉnh Ninh Thuận,Hạ tầng vận tải,,Xếp hạng lần đầu (hết hạn),Tổ chức phát hành,,vnA,Ổn định,,https://saigonratings.com/kqxhtn-bot-ninh-thuan-2023/,,,,False,False,Saigon Ratings,2026-09-25 09:03:37,2023-12-25
25/12/2023,Công ty Cổ phần Đầu tư và Xây dựng Xa lộ Hà Nội,Hạ tầng vận tải,,Xếp hạng lần đầu (hết hạn),Tổ chức phát hành,,vnA+,Ổn định,,https://saigonratings.com/kqxhtn-cong-ty-xa-lo-ha-noi-2023/,,,,False,False,Saigon Ratings,2026-09-25 09:03:37,2023-12-25
21/12/2023,Công ty Cổ phần Khu công nghiệp Thành Thành Công (TTC IZ),Cho thuê Bất động sản,,Giám sát Xếp hạng,Tổ chức phát hành,,vnA,Ổn định,,https://saigonratings.com/gsxhtn-ttc_kcn-2023/,,,,False,False,Saigon Ratings,2026-09-25 09:03:37,2023-12-21
15/12/2023,Công ty Cổ phần Tập đoàn Khải Hoàn Land,Dịch vụ - Phát triển Bất động sản,,Xếp hạng lần đầu,Tổ chức phát hành,,vnBBB-,Ổn định,,https://saigonratings.com/ket-qua-xep-hang-tin-nhiem-cong-ty-cp-khai-hoan-land-2023/,,,,False,False,Saigon Ratings,2026-09-25 09:03:37,2023-12-15
12/12/2023,Công ty Cổ phần Bệnh viện Quốc tế Thái Nguyên,Dịch vụ y tế,,Xếp hạng lần đầu (hết hạn),Tổ chức phát hành,,vnA+,Ổn định,,https://saigonratings.com/ket-qua-xep-hang-tin-nhiem-cong-ty-cp-bv-thai-nguyen-2023/,,,,False,False,Saigon Ratings,2026-09-25 09:03:37,2023-12-12
17/11/2023,Công Ty Cổ Phần Hàng Không VIETJET (VIETJET AIR),Hàng không,,Giám sát Xếp hạng,Tổ chức phát hành,,vnBBB-,Ổn định,,https://saigonratings.com/ket-qua-giam-sat-xep-hang-tin-nhiem-lan-1-vietjet-2023/,,,,False,False,Saigon Ratings,2026-09-25 09:03:37,2023-11-17
15/11/2023,Công ty Cổ phần Thương mại Du lịch Tân Thành,Phát triển Bất động Sản,,Xếp hạng lần đầu (Hết hạn),Tổ chức phát hành,,vnBBB+,Ổn định,,https://saigonratings.com/ket-qua-xep-hang-tin-nhiem-cong-ty-cp-tan-thanh-2023/,,,,False,False,Saigon Ratings,2026-09-25 09:03:37,2023-11-15
02/11/2023,Công ty Cổ phần Thuận Đức,Bao bì,,Xếp hạng lần đầu,Tổ chức phát hành,,vnBBB,Ổn định,,https://saigonratings.com/ket-qua-xep-hang-tin-nhiem-cong-ty-cp-thuan-duc-2023/,,,,False,False,Saigon Ratings,2026-09-25 09:03:37,2023-11-02
31/10/2023,Công ty Cổ phần Đầu tư và Thương mại TNG,May mặc,,Xếp hạng lần đầu (hết hạn),Tổ chức phát hành,,vnA,Ổn định,,https://saigonratings.com/ket-qua-xep-hang-tin-nhiem-cong-ty-cp-may-mac-tng-nam-2023/,,,,False,False,Saigon Ratings,2026-09-25 09:03:37,2023-10-31
02/10/2023,Công ty Cổ Phần Bảo Hiểm Phú Hưng (PAC),Bảo hiểm phi nhân thọ,,Giám sát Xếp hạng (hết hạn),Tổ chức phát hành,,Bảo mật,Bảo mật,,https://saigonratings.com/ket-qua-xep-hang-tin-nhiem-cong-ty-co-phan-bao-hiem-phu-hung-phu-hung-assurance-nam-2023/,,,,True,False,Saigon Ratings,2026-09-25 09:03:37,2023-10-02
15/09/2023,Công ty Cổ phần Thành Thành Công - Biên Hòa (SBT),Sản xuất đường,,Giám sát Xếp hạng (Hết hạn),Tổ chức phát hành,,vnA+,Ổn định,,https://saigonratings.com/ket-qua-xep-hang-tin-nhiem-cong-ty-co-phan-sbt-nam-2023/,,,,False,False,Saigon Ratings,2026-09-25 09:03:37,2023-09-15
10/07/2023,Công ty Cổ phần Xây dựng Sao Vàng Tây Đô,Phát triển Bất động sản,,Giám sát Xếp hạng (Hết hạn),Tổ chức phát hành,,vnBBB,Ổn định,,https://saigonratings.com/ket-qua-gsxhtn-svtd-2023/,,,,False,False,Saigon Ratings,2026-09-25 09:03:37,2023-07-10
28/06/2023,Công ty Cổ phần Đầu tư Công Nghiệp Xuất Nhập Khẩu Đông Dương,Năng lượng tái tạo,,Xếp hạng lần đầu (hết hạn),Tổ chức phát hành,,vnB-,Tiêu cực,,https://saigonratings.com/ket-qua-xep-hang-tin-nhiem-cong-ty-co-phan-dau-tu-dong-duong-nam-2023/,,,,False,False,Saigon Ratings,2026-09-25 09:03:37,2023-06-28
12/06/2023,Công ty Cổ phần Đầu tư Thành Thành Công (TTCI),Tổng công ty đầu tư,,Xếp hạng lần đầu,Tổ chức phát hành,,vnA+,Ổn định,,https://saigonratings.com/ket-qua-xep-hang-tin-nhiem-cong-ty-co-phan-dau-tu-ttc-nam-2023/,,,,False,True,Saigon Ratings,2026-09-25 09:03:37,2023-06-12
08/06/2023,Công ty Cổ Phần Bảo Hiểm nhân thọ Phú Hưng (PHU HUNG LIFE - PHL),Bảo hiểm nhân thọ,,Giám sát Xếp hạng (hết hạn),Tổ chức phát hành,,Bảo mật,Bảo mật,,https://saigonratings.com/ket-qua-xep-hang-tin-nhiem-cong-ty-co-phan-bao-hiem-nhan-tho-phu-hung-phu-hung-life-nam-2023/,,,,True,False,Saigon Ratings,2026-09-25 09:03:37,2023-06-08
26/05/2023,Công ty Cổ phần Khu công nghiệp Thành Thành Công (TTC IZ),Cho thuê Bất động sản,,Xếp hạng lần đầu,Tổ chức phát hành,,vnA,Ổn định,,https://saigonratings.com/ket-qua-xep-hang-tin-nhiem-cong-ty-co-phan-kcn-ttc-nam-2023/,,,,False,True,Saigon Ratings,2026-09-25 09:03:37,2023-05-26
27/03/2023,Công Ty Cổ Phần Hàng Không VIETJET (VIETJET AIR),Hàng không,,Xếp hạng lần đầu,Tổ chức phát hành,,vnBB+,Ổn định,,https://saigonratings.com/ket-qua-xep-hang-tin-nhiem-cong-ty-co-phan-hk-vietjet-2023/,,,,False,True,Saigon Ratings,2026-09-25 09:03:37,2023-03-27
14/03/2023,Công ty Cổ phần Đầu tư & Cho thuê Tài sản TNL,Cho thuê tài sản,,Xếp hạng lần đầu (hết hạn),Tổ chức phát hành,,Bảo mật,Bảo mật,,https://saigonratings.com/ket-qua-xep-hang-tin-nhiem-cong-ty-co-phan-tnl-nam-2023/,,,,True,True,Saigon Ratings,2026-09-25 09:03:37,2023-03-14
14/03/2023,Công ty Cổ phần Thương mại Quảng cáo Xây dựng Địa ốc Việt Hân,Phát triển Bất động Sản,,Xếp hạng lần đầu (hết hạn),Tổ chức phát hành,,Bảo mật,Bảo mật,,https://saigonratings.com/ket-qua-xep-hang-tin-nhiem-cong-ty-co-phan-viet-han-nam-2023/,,,,True,True,Saigon Ratings,2026-09-25 09:03:37,2023-03-14
14/03/2023,Công ty Cổ phần Bất động sản Mỹ,Phát triển Bất động Sản,,Xếp hạng lần đầu (hết hạn),Tổ chức phát hành,,Bảo mật,Bảo mật,,https://saigonratings.com/ket-qua-xep-hang-tin-nhiem-cong-ty-co-phan-bds-my-nam-2023/,,,,True,True,Saigon Ratings,2026-09-25 09:03:37,2023-03-14
12/01/2023,Công ty Cổ phần Đầu tư Phát triển Bất động sản TNR,Phát triển Bất động Sản,,Xếp hạng lần đầu (Hết hạn),Tổ chức phát hành,,Bảo mật,Bảo mật,,https://saigonratings.com/ket-qua-xep-hang-tin-nhiem-cong-ty-tnr-nam-2022/,,,,True,True,Saigon Ratings,2026-09-25 09:03:37,2023-01-12
30/12/2022,Công ty Cổ phần Thành Thành Công - Biên Hòa (SBT),Sản xuất đường,,Xếp hạng lần đầu (Hết hạn),Tổ chức phát hành,,vnA+,Ổn định,,https://saigonratings.com/ket-qua-xep-hang-tin-nhiem-cong-ty-co-phan-sbt-nam-2022/,,,,False,True,Saigon Ratings,2026-09-25 09:03:37,2022-12-30
13/12/2022,Công ty Cổ phần Đầu tư & Quản lý Khách sạn TNH,Dịch vụ lưu trú,,Giám sát Xếp hạng (Hết hạn),Tổ chức phát hành,,Bảo mật,Bảo mật,,https://saigonratings.com/ket-qua-giam-sat-xep-hang-tin-nhiem-lan-1-tnh-2022/,,,,True,False,Saigon Ratings,2026-09-25 09:03:37,2022-12-13
16/11/2022,Công ty Cổ phần Năng lượng TNPower,Năng lượng,,Xếp hạng lần đầu (Hết hạn),Tổ chức phát hành,,Bảo mật,Bảo mật,,https://saigonratings.com/ket-qua-xep-hang-tin-nhiem-cong-ty-co-phan-nang-luong-tnpower-nam-2022/,,,,True,True,Saigon Ratings,2026-09-25 09:03:37,2022-11-16
05/10/2022,Công ty Cổ phần Xây dựng Sao Vàng Tây Đô,Phát triển Bất động sản,,Xếp hạng lần đầu (Hết hạn),Tổ chức phát hành,,vnBBB,Ổn định,,https://saigonratings.com/ket-qua-xep-hang-tin-nhiem-cong-ty-co-phan-xay-dung-sao-vang-tay-do-nam-2022/,,,,False,True,Saigon Ratings,2026-09-25 09:03:37,2022-10-05
13/09/2022,Công ty Cổ Phần Bảo Hiểm Phú Hưng (PAC),Bảo hiểm phi nhân thọ,,Giám sát Xếp hạng (hết hạn),Tổ chức phát hành,,Bảo mật,Bảo mật,,https://saigonratings.com/ket-qua-xep-hang-tin-nhiem-cong-ty-co-phan-bao-hiem-phu-hung-phu-hung-assurance-nam-2022/,,,,True,False,Saigon Ratings,2026-09-25 09:03:37,2022-09-13
06/09/2022,Công ty Cổ phần bất động sản HANO-VID,Phát triển Bất động sản,,Xếp hạng lần đầu (Hết hạn),Tổ chức phát hành,,Bảo mật,Bảo mật,,https://saigonratings.com/ket-qua-xep-hang-tin-nhiem-cong-ty-co-phan-bat-dong-san-hano-vid-nam-2022/,,,,True,True,Saigon Ratings,2026-09-25 09:03:37,2022-09-06
06/09/2022,Công ty Cổ phần AAC Việt Nam,Phát triển Bất động sản,,Xếp hạng lần đầu (Hết hạn),Tổ chức phát hành,,Bảo mật,Bảo mật,,https://saigonratings.com/ket-qua-xep-hang-tin-nhiem-cong-ty-co-phan-aac-viet-nam-nam-2022/,,,,True,True,Saigon Ratings,2026-09-25 09:03:37,2022-09-06
06/09/2022,Công ty Cổ phần Đầu tư & Quản lý Khách sạn TNH,Dịch vụ lưu trú,,Xếp hạng lần đầu (Hết hạn),Tổ chức phát hành,,Bảo mật,Bảo mật,,https://saigonratings.com/ket-qua-xep-hang-tin-nhiem-cong-ty-co-phan-dau-tu-quan-ly-khach-san-tnh-nam-2022/,,,,True,True,Saigon Ratings,2026-09-25 09:03:37,2022-09-06
07/06/2022,Công ty Cổ Phần Bảo Hiểm nhân thọ Phú Hưng (PHU HUNG LIFE - PHL),Bảo hiểm nhân thọ,,Giám sát Xếp hạng (hết hạn),Tổ chức phát hành,,Bảo mật,Bảo mật,,https://saigonratings.com/ket-qua-xep-hang-tin-nhiem-cong-ty-co-phan-bao-hiem-nhan-tho-phu-hung-phu-hung-life-nam-2022/,,,,True,False,Saigon Ratings,2026-09-25 09:03:37,2022-06-07
10/05/2022,Công ty TNHH Kirby Đông Nam Á,Vật liệu xây dựng,,Xếp hạng lần đầu (hết hạn),Tổ chức phát hành,,vnA-,Ổn định,,https://saigonratings.com/ket-qua-xep-hang-tin-nhiem-cong-ty-tnhh-kirby-dong-nam-a-nam-2022/,,,,False,False,Saigon Ratings,2026-09-25 09:03:37,2022-05-10
27/07/2021,Công ty Cổ Phần Bảo Hiểm Phú Hưng (PAC),Bảo hiểm phi nhân thọ,,Giám sát Xếp hạng (hết hạn),Tổ chức phát hành,,Bảo mật,Bảo mật,,https://saigonratings.com/ket-qua-xep-hang-tin-nhiem-cong-ty-co-phan-bao-hiem-phu-hung-phu-hung-assurance-nam-2021/,,,,True,True,Saigon Ratings,2026-09-25 09:03:37,2021-07-27
08/06/2021,Công ty Cổ Phần Bảo Hiểm nhân thọ Phú Hưng (PHU HUNG LIFE - PHL),Bảo hiểm nhân thọ,,Giám sát Xếp hạng (hết hạn),Tổ chức phát hành,,Bảo mật,Bảo mật,,https://saigonratings.com/ket-qua-xep-hang-tin-nhiem-cong-ty-co-phan-bao-hiem-nhan-tho-phu-hung-phu-hung-life-nam-2021/,,,,True,True,Saigon Ratings,2026-09-25 09:03:37,2021-06-08
14/10/2020,Công ty Cổ Phần Bảo Hiểm Phú Hưng (PAC),Bảo hiểm phi nhân thọ,,Giám sát Xếp hạng (hết hạn),Tổ chức phát hành,,Bảo mật,Bảo mật,,https://saigonratings.com/ket-qua-xep-hang-tin-nhiem-cong-ty-co-phan-bao-hiem-phu-hung-phu-hung-assurance-nam-2020/,,,,True,True,Saigon Ratings,2026-09-25 09:03:37,2020-10-14
03/06/2020,Công ty Cổ Phần Bảo Hiểm nhân thọ Phú Hưng (PHU HUNG LIFE - PHL),Bảo hiểm nhân thọ,,Giám sát Xếp hạng (hết hạn),Tổ chức phát hành,,Bảo mật,Bảo mật,,https://saigonratings.com/ket-qua-xep-hang-tin-nhiem-cong-ty-co-phan-bao-hiem-nhan-tho-phu-hung-phu-hung-life-nam-2020/,,,,True,True,Saigon Ratings,2026-09-25 09:03:37,2020-06-03
28/11/2019,Công ty Cổ Phần Bảo Hiểm Phú Hưng (PAC),Bảo hiểm phi nhân thọ,,Xếp hạng lần đầu (hết hạn),Tổ chức phát hành,,Bảo mật,Bảo mật,,https://saigonratings.com/ket-qua-xep-hang-tin-nhiem-cong-ty-co-phan-bao-hiem-phu-hung-phu-hung-assurance-nam-2019/,,,,True,True,Saigon Ratings,2026-09-25 09:03:37,2019-11-28
12/09/2019,Công Ty Cổ Phần Free Land,Phát triển Bất động sản,,Xếp hạng lần đầu (hết hạn),Tổ chức phát hành,,A,Ổn định,,https://saigonratings.com/ket-qua-xep-hang-tin-nhiem-cong-ty-co-phan-free-land-nam-2019/,,,,False,True,Saigon Ratings,2026-09-25 09:03:37,2019-09-12
26/06/2019,Công ty Cổ Phần Bảo Hiểm nhân thọ Phú Hưng (PHU HUNG LIFE - PHL),Bảo hiểm nhân thọ,,Xếp hạng lần đầu (hết hạn),Tổ chức phát hành,,Bảo mật,Bảo mật,,https://saigonratings.com/ket-qua-xep-hang-tin-nhiem-cong-ty-co-phan-bao-hiem-nhan-tho-phu-hung-phu-hung-life-nam-2019/,,,,True,True,Saigon Ratings,2026-09-25 09:03:37,2019-06-26
20/03/2019,Công ty TNHH Kirby Đông Nam Á,Vật liệu xây dựng,,Xếp hạng lần đầu (hết hạn),Tổ chức phát hành,,A,Ổn định,,https://saigonratings.com/ket-qua-xep-hang-tin-nhiem-cong-ty-tnhh-kirby-dong-nam-a-nam-2019/,,,,False,True,Saigon Ratings,2026-09-25 09:03:37,2019-03-20
,Công ty TNHH Phú Hưng Phát,Phát triển Bất động sản,,Không tiếp tục thực hiện Xếp hạng lần đầu,Tổ chức phát hành,,,,,,,,,False,False,Saigon Ratings,2026-09-25 09:03:37,
,Công ty TNHH Mũi Né Xanh,Dịch vụ lưu trú,,Không tiếp tục thực hiện Xếp hạng lần đầu,Tổ chức phát hành,,,,,,,,,False,False,Saigon Ratings,2026-09-25 09:03:37,
,Công ty Cổ phần Tập đoàn Ngọc Thiên Global,Sản xuất kim loại,,Không tiếp tục thực hiện Xếp hạng lần đầu,Tổ chức phát hành,,,,,,,,,False,False,Saigon Ratings,2026-09-25 09:03:37,
,Công ty Cổ phần Tập đoàn APEC Group,Hạ tầng kỹ thuật,,Không tiếp tục thực hiện Xếp hạng lần đầu,Tổ chức phát hành,,,,,,,,,False,False,Saigon Ratings,2026-09-25 09:03:37,
