code,issuer,issue_date,maturity_date,face,coupon_rate,coupon_freq_raw,coupon_freq,rate_type,rating_result,rating_agency,sector,source,fetched
SHS12601,,2026-07-15,2027-07-15,100000000.0,10.5,6 Tháng,2.0,Cố định,,,,,2026-09-03
NLG12501,,2025-06-05,2028-06-05,100000000.0,11.0,6 Tháng,2.0,Kết hợp,,,,,2026-09-03
VHM12615,,2026-08-06,2029-08-06,100000000.0,12.5,3 Tháng,4.0,Kết hợp,,,,,2026-09-03
NTJ12601,,2026-03-31,2030-03-31,100000000.0,10.5,6 Tháng,2.0,Cố định,,,,,2026-09-03
VHM12502,,2025-08-15,2028-11-15,100000000.0,11.0,3 Tháng,4.0,Cố định,,,,,2026-09-03
CRB12501,,2025-06-27,2030-06-27,100000000.0,9.5,24 Tháng,0.5,Kết hợp,,,,,2026-09-03
MSG32502,,2025-08-25,2032-08-25,100000000.0,9.2,,,Cố định,,,,,2026-09-03
SCR12401,,2024-12-30,2029-12-30,100000000.0,8.5,6 Tháng,2.0,Kết hợp,,,,,2026-09-03
HDB12502,,2025-09-17,2033-09-17,100000000.0,7.47,6 Tháng,2.0,Thả nổi,,,,,2026-09-03
NAB12502,,2025-06-26,2032-06-26,1000000000.0,7.0,12 Tháng,1.0,Cố định,,,,,2026-09-03
AVN32502,,2025-06-13,2032-06-13,100000000.0,9.1,,,Cố định,,,,,2026-09-03
VHM12605,,2026-05-28,2029-05-28,100000000.0,12.5,3 Tháng,4.0,Kết hợp,,,,,2026-09-03
NTJ12501,,2025-10-14,2028-10-14,100000000.0,9.45,6 Tháng,2.0,Kết hợp,,,,,2026-09-03
VIF12502,,2025-06-30,2028-06-30,100000000.0,12.0,3 Tháng,4.0,Cố định,,,,,2026-09-03
HDB12504,,2025-10-06,2033-10-06,100000000.0,7.47,6 Tháng,2.0,Thả nổi,,,,,2026-09-03
TRM12503,,2025-10-14,2028-10-14,100000000.0,9.8,6 Tháng,2.0,Kết hợp,,,,,2026-09-03
IPA12501,,2025-11-18,2030-11-18,100000000.0,9.5,12 Tháng,1.0,Cố định,,,,,2026-09-03
MSG32501,,2025-08-12,2032-08-12,100000000.0,9.2,,,Cố định,,,,,2026-09-03
VHM12601,,2026-04-13,2028-10-13,100000000.0,12.5,3 Tháng,4.0,Kết hợp,,,,,2026-09-03
VHM12501,,2025-08-15,2029-02-15,100000000.0,11.0,3 Tháng,4.0,Cố định,,,,,2026-09-03
ASG12501,,2025-05-15,2028-05-15,100000000.0,9.5,6 Tháng,2.0,Cố định,,,,,2026-09-03
HCV12508,,2025-06-25,2027-06-25,1000000000.0,6.8,12 Tháng,1.0,Kết hợp,,,,,2026-09-03
MSG32503,,2025-08-28,2032-08-28,100000000.0,9.2,,,Cố định,,,,,2026-09-03
VHM12410,,2024-12-30,2027-12-30,100000000.0,12.0,3 Tháng,4.0,Cố định,,,,,2026-09-03
TVR32501,,2025-07-17,2032-07-17,100000000.0,9.2,,,Cố định,,,,,2026-09-03
TRM32501,,2025-09-08,2026-09-08,100000000.0,8.95,,,Cố định,,,,,2026-09-03
VIC12507,,2025-05-28,2027-05-28,100000000.0,12.5,3 Tháng,4.0,Cố định,,,,,2026-09-03
BCM12504,,2025-12-08,2028-12-08,100000000.0,10.3,6 Tháng,2.0,Kết hợp,,,,,2026-09-03
VIC12502,,2025-04-11,2028-06-11,100000000.0,12.0,3 Tháng,4.0,Cố định,,,,,2026-09-03
VIC12510,,2025-09-30,2027-09-30,100000000.0,11.0,3 Tháng,4.0,Cố định,,,,,2026-09-03
ORS12501,,2025-09-24,2028-09-24,100000000.0,8.3,3 Tháng,4.0,Kết hợp,,,,,2026-09-03
VIO32503,,2025-11-28,2033-11-28,100000000.0,9.3,,,Cố định,,,,,2026-09-03
IHP12501,,2025-10-14,2027-04-14,100000000.0,9.0,6 Tháng,2.0,Cố định,,,,,2026-09-03
OCB12520,,2025-08-28,2027-08-28,1000000000.0,6.0,12 Tháng,1.0,Cố định,,,,,2026-09-03
TSO12602,,2026-05-15,2029-05-15,100000000.0,12.5,3 Tháng,4.0,Cố định,,,,,2026-09-03
VIB12505,,2025-10-10,2033-10-10,1000000000.0,7.18,1 Năm,1.0,Thả nổi,,,,,2026-09-03
TRE32501,,2025-12-12,2030-12-12,100000000.0,10.18,,,Kết hợp,,,,,2026-09-03
VIC12509,,2025-09-29,2027-09-29,100000000.0,11.0,3 Tháng,4.0,Cố định,,,,,2026-09-03
HDB12503,,2025-09-22,2033-09-22,100000000.0,7.47,6 Tháng,2.0,Thả nổi,,,,,2026-09-03
HTL12501,,2025-08-08,2028-08-08,100000000.0,10.5,3 Tháng,4.0,Cố định,,,,,2026-09-03
GSG12501,,2025-12-24,2028-12-24,100000000.0,10.8,12 Tháng,1.0,Kết hợp,,,,,2026-09-03
BCM12501,,2025-08-06,2028-08-06,100000000.0,10.3,6 Tháng,2.0,Kết hợp,,,,,2026-09-03
OLC32501,,2025-04-29,2030-04-29,100000000.0,8.5,,,Cố định,,,,,2026-09-03
TRE32601,,2026-05-18,2030-05-18,100000000.0,10.7,,,Kết hợp,,,,,2026-09-03
TVR32503,,2025-08-01,2031-08-01,100000000.0,9.2,,,Cố định,,,,,2026-09-03
ATL12501,,2025-06-25,2026-12-25,100000000.0,9.0,6 Tháng,2.0,Kết hợp,,,,,2026-09-03
VIO32502,,2025-11-14,2033-11-14,100000000.0,9.3,,,Cố định,,,,,2026-09-03
VHM12503,,2025-12-30,2028-12-30,100000000.0,12.0,3 Tháng,4.0,Kết hợp,,,,,2026-09-03
VIF12501,,2025-05-29,2028-05-29,100000000.0,12.5,3 Tháng,4.0,Cố định,,,,,2026-09-03
MSG32504,,2025-09-12,2032-09-12,100000000.0,9.2,,,Cố định,,,,,2026-09-03
TOC12502,,2025-06-25,2026-12-25,100000000.0,9.0,6 Tháng,2.0,Kết hợp,,,,,2026-09-03
VIC12504,,2025-05-05,2027-05-05,100000000.0,12.5,3 Tháng,4.0,Cố định,,,,,2026-09-03
VIO32501,,2025-11-04,2033-11-04,100000000.0,9.3,,,Cố định,,,,,2026-09-03
TCX12501,,2025-04-04,2028-04-04,100000000.0,7.5,6 Tháng,2.0,Kết hợp,,,,,2026-09-03
VHM12606,,2026-05-28,2029-05-28,100000000.0,12.5,3 Tháng,4.0,Kết hợp,,,,,2026-09-03
VIC12503,,2025-04-28,2027-04-28,100000000.0,12.5,3 Tháng,4.0,Cố định,,,,,2026-09-03
BHB12501,,2025-08-20,2030-08-20,100000000.0,9.5,12 Tháng,1.0,Cố định,,,,,2026-09-03
VIC12506,,2025-05-15,2027-05-15,100000000.0,12.5,3 Tháng,4.0,Cố định,,,,,2026-09-03
TSO12502,,2025-11-28,2027-11-28,100000000.0,12.5,3 Tháng,4.0,Cố định,,,,,2026-09-03
TAT32502,,2025-12-05,2031-12-05,100000000.0,9.2,,,Cố định,,,,,2026-09-03
VIC12501,,2025-04-11,2027-05-11,100000000.0,12.0,3 Tháng,4.0,Cố định,,,,,2026-09-03
TNQ32504,,2025-11-26,2032-11-26,100000000.0,9.0,,,Cố định,,,,,2026-09-03
ORS12502,,2025-12-05,2026-12-05,100000000.0,8.25,3 Tháng,4.0,Kết hợp,,,,,2026-09-03
TVR32505,,2025-09-09,2033-09-09,100000000.0,9.2,,,Cố định,,,,,2026-09-03
VIC12505,,2025-05-09,2027-05-09,100000000.0,12.5,3 Tháng,4.0,Cố định,,,,,2026-09-03
VPB12502,,2025-05-14,2028-05-14,1000000000.0,5.4,12 Tháng,1.0,Cố định,,,,,2026-09-03
VHM12603,,2026-05-11,2029-05-11,100000000.0,12.5,3 Tháng,4.0,Kết hợp,,,,,2026-09-03
VIC12511,,2025-11-27,2028-11-27,100000000.0,12.0,6 Tháng,2.0,Cố định,,,,,2026-09-03
VJC12508,,2025-12-29,2030-12-29,100000000.0,10.0,6 Tháng,2.0,Kết hợp,,,,,2026-09-03
SGX12401,,2024-12-31,2029-12-31,100000000.0,12.0,6 Tháng,2.0,Kết hợp,,,,,2026-09-03
VPL12601,,2026-06-03,2031-06-03,100000000.0,12.0,3 Tháng,4.0,Kết hợp,,,,,2026-09-03
AVN32503,,2025-06-30,2032-06-30,100000000.0,9.1,,,Cố định,,,,,2026-09-03
TVR32502,,2025-07-23,2032-07-23,100000000.0,9.2,,,Cố định,,,,,2026-09-03
TSO12501,,2025-10-28,2027-10-28,100000000.0,12.5,3 Tháng,4.0,Cố định,,,,,2026-09-03
HAG12601,,2026-04-29,2029-04-29,100000000.0,10.5,6 Tháng,2.0,Kết hợp,,,,,2026-09-03
TND12501,,2025-10-22,2030-10-22,100000000.0,8.75,12 Tháng,1.0,Kết hợp,BB-,Công ty cổ phần FiinRatings (FiinRatings),,,2026-09-03
MAR12601,,2026-03-20,2036-03-20,100000000.0,4.0,3 Tháng,4.0,Kết hợp,,,,,2026-09-03
VIC12508,,2025-06-25,2028-06-25,100000000.0,12.0,6 Tháng,2.0,Cố định,,,,,2026-09-03
DPQ12501,,2025-06-27,2030-06-27,100000000.0,9.7,6 Tháng,2.0,Kết hợp,,,,,2026-09-03
HDC12501,,2025-08-27,2028-08-27,100000000.0,11.0,6 Tháng,2.0,Kết hợp,,,,,2026-09-03
MAD12602,,2026-04-23,2028-10-23,100000000.0,10.5,6 Tháng,2.0,Cố định,,,,,2026-09-03
TVR32504,,2025-08-13,2031-08-13,100000000.0,9.2,,,Cố định,,,,,2026-09-03
VJC12504,,2025-11-24,2030-11-24,100000000.0,10.0,6 Tháng,2.0,Kết hợp,,,,,2026-09-03
VBB12501,,2025-12-30,2032-12-30,100000000.0,7.4,12 Tháng,1.0,Kết hợp,,,,,2026-09-03
CII12503,,2025-12-30,2030-12-30,100000000.0,10.0,6 Tháng,2.0,Kết hợp,vnA+,Công ty cổ phần Sài Gòn Phát Thịnh Ratings (Saigon Ratings),,,2026-09-03
HDB12512,,2025-12-16,2032-12-16,1000000000.0,7.47,1 Năm,1.0,Thả nổi,,,,,2026-09-03
BID12509,,2025-05-26,2032-05-26,1000000000.0,5.68,1 Năm,1.0,Thả nổi,,,,,2026-09-03
DRT12502,,2025-06-24,2028-06-24,100000000.0,11.0,3 Tháng,4.0,Kết hợp,,,,,2026-09-03
BAF12501,,2025-05-08,2028-05-08,100000000.0,10.0,6 Tháng,2.0,Cố định,,,,,2026-09-03
SGR12501,,2025-12-31,2028-12-31,100000000.0,10.7,3 Tháng,4.0,Cố định,,,,,2026-09-03
LVC12601,,2026-05-29,2027-05-29,100000000.0,12.5,3 Tháng,4.0,Cố định,,,,,2026-09-03
TCX12502,,2025-05-12,2028-05-12,100000000.0,7.5,6 Tháng,2.0,Kết hợp,,,,,2026-09-03
TPB12536,,2025-10-07,2027-10-07,100000000.0,6.2,1 Năm,1.0,Cố định,,,,,2026-09-03
SHB12502,,2025-07-14,2032-07-14,1000000000.0,7.65,1 Năm,1.0,Thả nổi,,,,,2026-09-03
TSO12604,,2026-06-03,2029-06-03,100000000.0,12.5,3 Tháng,4.0,Cố định,,,,,2026-09-03
MBB12501,,2025-04-29,2032-04-29,100000000.0,6.28,1 Năm,1.0,Thả nổi,,,,,2026-09-03
CGT12601,,2026-06-24,2029-06-24,100000000.0,12.5,3 Tháng,4.0,Kết hợp,,,,,2026-09-03
TCX12506,,2025-12-31,2027-03-31,100000000.0,8.0,6 Tháng,2.0,Kết hợp,,,,,2026-09-03
CII12504,,2025-12-30,2030-12-30,100000000.0,8.5,3 Tháng,4.0,Kết hợp,vnAA-,Công ty cổ phần Sài Gòn Phát Thịnh Ratings (Saigon Ratings),,,2026-09-03
BID12533,,2025-07-03,2033-07-03,1000000000.0,5.83,1 Năm,1.0,Thả nổi,,,,,2026-09-03
TDR12601,,2026-06-04,2031-06-04,100000000.0,12.0,6 Tháng,2.0,Kết hợp,,,,,2026-09-03
BID12501,,2025-05-15,2032-05-15,1000000000.0,5.68,1 Năm,1.0,Thả nổi,,,,,2026-09-03
VHM12607,,2026-06-20,2029-08-20,100000000.0,12.5,3 Tháng,4.0,Kết hợp,,,,,2026-09-03
ACB12517,,2025-09-09,2027-09-09,1000000000.0,5.85,12 Tháng,1.0,Cố định,,,,,2026-09-03
OCB12527,,2025-10-08,2028-10-08,1000000000.0,6.5,12 Tháng,1.0,Cố định,,,,,2026-09-03
AVN32501,,2025-05-26,2031-05-26,100000000.0,8.5,,,Cố định,,,,,2026-09-03
MBB12517,,2025-07-21,2033-07-21,100000000.0,6.38,1 Năm,1.0,Thả nổi,,,,,2026-09-03
VHM12604,,2026-05-11,2029-05-11,100000000.0,12.5,3 Tháng,4.0,Kết hợp,,,,,2026-09-03
BID12524,,2025-06-24,2033-06-24,1000000000.0,5.83,1 Năm,1.0,Thả nổi,,,,,2026-09-03
VPB12512,,2025-08-22,2028-08-22,1000000000.0,5.3,12 Tháng,1.0,Cố định,,,,,2026-09-03
SHB12505,,2025-09-25,2032-09-25,1000000000.0,7.65,1 Năm,1.0,Kết hợp,,,,,2026-09-03
BCM12503,,2025-11-10,2028-11-10,100000000.0,10.3,6 Tháng,2.0,Kết hợp,,,,,2026-09-03
BID12504,,2025-05-16,2032-05-16,1000000000.0,5.68,1 Năm,1.0,Thả nổi,,,,,2026-09-03
ACB12602,,2026-06-09,2028-06-09,500000000.0,8.3,12 Tháng,1.0,Cố định,,,,,2026-09-03
VJC12509,,2025-12-31,2032-12-31,100000000.0,10.0,6 Tháng,2.0,Kết hợp,,,,,2026-09-03
HDQ12402,,2024-12-31,2029-12-31,100000000.0,11.0,6 Tháng,2.0,Kết hợp,,,,,2026-09-03
VHM12611,,2026-06-25,2028-06-25,100000000.0,12.0,3 Tháng,4.0,Kết hợp,,,,,2026-09-03
HDC12502,,2025-09-04,2028-09-04,100000000.0,10.5,6 Tháng,2.0,Kết hợp,,,,,2026-09-03
VPI12603,,2026-06-02,2029-06-02,100000000.0,11.5,6 Tháng,2.0,Kết hợp,,,,,2026-09-03
BID12528,,2025-06-27,2033-06-27,1000000000.0,5.83,1 Năm,1.0,Thả nổi,,,,,2026-09-03
CTG12504,,2025-06-02,2033-06-02,100000000.0,5.83,1 Năm,1.0,Thả nổi,,,,,2026-09-03
HUL32601,,2026-06-30,2027-06-30,100000000.0,10.0,,,Cố định,,,,,2026-09-03
VHM12614,,2026-07-10,2029-07-10,100000000.0,12.5,3 Tháng,4.0,Kết hợp,,,,,2026-09-03
VPI12503,,2025-10-31,2028-10-31,100000000.0,10.0,6 Tháng,2.0,Cố định,,,,,2026-09-03
VIB12504,,2025-09-26,2033-09-26,1000000000.0,7.18,1 Năm,1.0,Thả nổi,,,,,2026-09-03
TSO12601,,2026-05-06,2029-05-06,100000000.0,12.5,3 Tháng,4.0,Cố định,,,,,2026-09-03
MBB12519,,2025-08-06,2033-08-06,100000000.0,6.38,1 Năm,1.0,Thả nổi,,,,,2026-09-03
THC12501,,2025-12-30,2030-12-30,100000000.0,8.5,3 Tháng,4.0,Kết hợp,,,,,2026-09-03
VPI12501,,2025-05-09,2028-05-09,100000000.0,10.5,6 Tháng,2.0,Kết hợp,,,,,2026-09-03
BCM12502,,2025-08-29,2029-08-29,100000000.0,10.5,6 Tháng,2.0,Kết hợp,,,,,2026-09-03
VJC12501,,2025-06-27,2030-06-27,100000000.0,10.5,6 Tháng,2.0,Kết hợp,,,,,2026-09-03
VJC12502,,2025-07-02,2030-07-02,100000000.0,10.5,6 Tháng,2.0,Kết hợp,,,,,2026-09-03
VJC12503,,2025-09-24,2030-09-24,100000000.0,9.72,6 Tháng,2.0,Kết hợp,,,,,2026-09-03
P5332601,,2026-06-30,2027-06-30,100000000.0,10.0,,,Cố định,,,,,2026-09-03
VHM12608,,2026-06-20,2029-08-20,100000000.0,12.5,3 Tháng,4.0,Kết hợp,,,,,2026-09-03
VHM12610,,2026-06-20,2029-06-20,100000000.0,12.5,3 Tháng,4.0,Kết hợp,,,,,2026-09-03
VJC12506,,2025-12-18,2030-12-18,100000000.0,10.0,6 Tháng,2.0,Kết hợp,,,,,2026-09-03
BID12508,,2025-05-20,2033-05-20,1000000000.0,5.83,1 Năm,1.0,Thả nổi,,,,,2026-09-03
VJC12505,,2025-12-15,2030-12-15,100000000.0,10.0,6 Tháng,2.0,Kết hợp,,,,,2026-09-03
CII12502,,2025-07-10,2030-07-10,100000000.0,10.25,6 Tháng,2.0,Kết hợp,,,,,2026-09-03
ACB12518,,2025-10-09,2028-10-09,1000000000.0,6.3,12 Tháng,1.0,Kết hợp,,,,,2026-09-03
ACB12511,,2025-06-24,2028-06-24,1000000000.0,5.6,12 Tháng,1.0,Cố định,,,,,2026-09-03
TSO12503,,2025-12-16,2027-12-16,100000000.0,12.5,3 Tháng,4.0,Cố định,,,,,2026-09-03
VPI12602,,2026-05-07,2029-05-07,100000000.0,11.5,3 Tháng,4.0,Cố định,,,,,2026-09-03
VHM12609,,2026-06-20,2029-06-20,100000000.0,12.5,3 Tháng,4.0,Kết hợp,,,,,2026-09-03
CIC12601,,2026-07-16,2031-07-16,100000000.0,12.5,6 Tháng,2.0,Kết hợp,,,,,2026-09-03
LPB12505,,2025-08-28,2028-08-28,1000000000.0,5.9,1 Năm,1.0,Cố định,,,,,2026-09-03
VJC12507,,2025-12-26,2030-12-26,100000000.0,10.0,6 Tháng,2.0,Kết hợp,,,,,2026-09-03
VCB12604,,2026-07-17,2033-07-17,1000000000.0,7.87,6 Tháng,2.0,Thả nổi,,,,,2026-09-03
VIB12501,,2025-08-28,2028-08-28,1000000000.0,5.6,1 Năm,1.0,Cố định,,,,,2026-09-03
ENC12401,,2024-12-31,2031-12-31,100000000.0,10.0,6 Tháng,2.0,Kết hợp,,,,,2026-09-03
BID12502,,2025-05-15,2033-05-15,1000000000.0,5.83,1 Năm,1.0,Thả nổi,,,,,2026-09-03
BID12517,,2025-06-10,2033-06-10,1000000000.0,5.83,1 Năm,1.0,Thả nổi,,,,,2026-09-03
ACB12503,,2025-04-18,2028-04-18,1000000000.0,5.8,12 Tháng,1.0,Thả nổi,,,,,2026-09-03
UPS12501,,2025-10-06,2027-10-06,100000000.0,9.0,6 Tháng,2.0,Cố định,,,,,2026-09-03
VHM12612,,2026-06-30,2029-06-30,100000000.0,12.5,6 Tháng,2.0,Cố định,,,,,2026-09-03
TSO12603,,2026-05-29,2029-05-29,100000000.0,12.5,3 Tháng,4.0,Cố định,,,,,2026-09-03
TCB12520,,2025-10-16,2028-10-16,1000000000.0,6.1,12 Tháng,1.0,Cố định,,,,,2026-09-03
MSG32506,,2025-11-03,2034-11-03,100000000.0,9.0,,,Cố định,,,,,2026-09-03
MSG32505,,2025-10-10,2034-10-10,100000000.0,9.0,,,Cố định,,,,,2026-09-03
SHB12503,,2025-08-15,2032-08-15,1000000000.0,7.65,1 Năm,1.0,Thả nổi,,,,,2026-09-03
BPS12602,,2026-06-26,2030-06-26,1000000000.0,12.0,6 Tháng,2.0,Cố định,,,,,2026-09-03
TCB12517,,2025-09-30,2027-09-30,1000000000.0,5.9,12 Tháng,1.0,Cố định,,,,,2026-09-03
TPX12601,,2026-06-24,2029-06-24,100000000.0,12.5,3 Tháng,4.0,Kết hợp,,,,,2026-09-03
BNC12502,,2025-11-26,2030-11-26,100000000.0,10.5,3 Tháng,4.0,Kết hợp,,,,,2026-09-03
HDB12601,,2026-05-19,2034-05-19,1000000000.0,8.6,1 Năm,1.0,Thả nổi,,,,,2026-09-03
HDB12603,,2026-06-05,2034-06-05,1000000000.0,8.6,1 Năm,1.0,Thả nổi,,,,,2026-09-03
MSG32508,,2025-12-02,2034-12-02,100000000.0,9.0,,,Cố định,,,,,2026-09-03
VPI12601,,2026-04-23,2029-04-23,100000000.0,11.5,6 Tháng,2.0,Kết hợp,,,,,2026-09-03
BNC12601,,2026-07-17,2031-07-17,100000000.0,11.5,3 Tháng,4.0,Kết hợp,,,,,2026-09-03
FCN12601,,2026-05-20,2027-11-20,100000000.0,11.0,3 Tháng,4.0,Cố định,,,,,2026-09-03
VHM12613,,2026-07-10,2029-07-10,100000000.0,12.5,3 Tháng,4.0,Kết hợp,,,,,2026-09-03
DRT12501,,2025-04-18,2028-04-18,100000000.0,11.0,3 Tháng,4.0,Kết hợp,,,,,2026-09-03
VCBL12608,,2026-08-17,2033-08-17,1000000000.0,7.87,6 Tháng,2.0,Thả nổi,,,,,2026-09-03
BID12511,,2025-05-27,2033-05-27,1000000000.0,5.83,1 Năm,1.0,Thả nổi,,,,,2026-09-03
TAT32501,,2025-11-28,2033-11-28,100000000.0,9.2,,,Cố định,,,,,2026-09-03
CVT12102,,,,,0.0,,,,,,,,2026-09-03
HDB12330,,,,,0.0,,,,,,,,2026-09-03
IPA12405,,,,,0.0,,,,,,,,2026-09-03
KBC12401,,,,,0.0,,,,,,,,2026-09-03
WDL12101,,,,,0.0,,,,,,,,2026-09-03
TNF32101,,,,,0.0,,,,,,,,2026-09-03
H7912102,,,,,0.0,,,,,,,,2026-09-03
HLL12103,,,,,0.0,,,,,,,,2026-09-03
TNF32102,,,,,0.0,,,,,,,,2026-09-03
VHA32109,,,,,0.0,,,,,,,,2026-09-03
SBT12402,,,,,0.0,,,,,,,,2026-09-03
MRE32102,,,,,0.0,,,,,,,,2026-09-03
SBP12203,,,,,0.0,,,,,,,,2026-09-03
NEW12402,,,,,0.0,,,,,,,,2026-09-03
VHA32106,,,,,0.0,,,,,,,,2026-09-03
TSO12401,,,,,0.0,,,,,,,,2026-09-03
SGG12101,,,,,0.0,,,,,,,,2026-09-03
ORS12202,,,,,0.0,,,,,,,,2026-09-03
DPQ12207,,,,,0.0,,,,,,,,2026-09-03
GSG12203,,,,,0.0,,,,,,,,2026-09-03
DPW12303,,,,,0.0,,,,,,,,2026-09-03
SSA12105,,,,,0.0,,,,,,,,2026-09-03
DRT12402,,,,,0.0,,,,,,,,2026-09-03
HDB12425,,,,,0.0,,,,,,,,2026-09-03
DIT22401,,,,,0.0,,,,,,,,2026-09-03
ORS12203,,,,,0.0,,,,,,,,2026-09-03
IPA12401,,,,,0.0,,,,,,,,2026-09-03
TNR32102,,,,,0.0,,,,,,,,2026-09-03
VHM12401,,,,,0.0,,,,,,,,2026-09-03
MRE32105,,,,,0.0,,,,,,,,2026-09-03
NBG12103,,,,,0.0,,,,,,,,2026-09-03
VHM12409,,,,,0.0,,,,,,,,2026-09-03
AVN32401,,,,,0.0,,,,,,,,2026-09-03
XDD12102,,,,,0.0,,,,,,,,2026-09-03
NPM12209,,,,,0.0,,,,,,,,2026-09-03
VIF12402,,,,,0.0,,,,,,,,2026-09-03
HUT32401,,,,,0.0,,,,,,,,2026-09-03
TNR32103,,,,,0.0,,,,,,,,2026-09-03
SBP12102,,,,,0.0,,,,,,,,2026-09-03
HDB12420,,,,,0.0,,,,,,,,2026-09-03
SSA12104,,,,,0.0,,,,,,,,2026-09-03
VHA32105,,,,,0.0,,,,,,,,2026-09-03
ORS12304,,,,,0.0,,,,,,,,2026-09-03
VHA32103,,,,,0.0,,,,,,,,2026-09-03
BCM12408,,,,,0.0,,,,,,,,2026-09-03
XD312301,,,,,0.0,,,,,,,,2026-09-03
DPQ12204,,,,,0.0,,,,,,,,2026-09-03
VHA32107,,,,,0.0,,,,,,,,2026-09-03
VJC12406,,,,,0.0,,,,,,,,2026-09-03
DRT12403,,,,,0.0,,,,,,,,2026-09-03
MRE32106,,,,,0.0,,,,,,,,2026-09-03
HDB12428,,,,,0.0,,,,,,,,2026-09-03
TNF32103,,,,,0.0,,,,,,,,2026-09-03
VHM12402,,,,,0.0,,,,,,,,2026-09-03
VIF12401,,,,,0.0,,,,,,,,2026-09-03
RHG12101,,,,,0.0,,,,,,,,2026-09-03
TNR32101,,,,,0.0,,,,,,,,2026-09-03
HDB12426,,,,,0.0,,,,,,,,2026-09-03
IPA12403,,,,,0.0,,,,,,,,2026-09-03
SBP12205,,,,,0.0,,,,,,,,2026-09-03
BCM12402,,,,,0.0,,,,,,,,2026-09-03
SGG12102,,,,,0.0,,,,,,,,2026-09-03
IPA12402,,,,,0.0,,,,,,,,2026-09-03
SGA12301,,,,,0.0,,,,,,,,2026-09-03
HNV32201,,,,,0.0,,,,,,,,2026-09-03
HTA12301,,,,,0.0,,,,,,,,2026-09-03
HDB12423,,,,,0.0,,,,,,,,2026-09-03
VJC12405,,,,,0.0,,,,,,,,2026-09-03
BID12411,,,,,0.0,,,,,,,,2026-09-03
TNF32104,,,,,0.0,,,,,,,,2026-09-03
NPM12307,,,,,0.0,,,,,,,,2026-09-03
LLP12301,,,,,0.0,,,,,,,,2026-09-03
VHM12408,,,,,0.0,,,,,,,,2026-09-03
HDB12427,,,,,0.0,,,,,,,,2026-09-03
PC112202,,,,,0.0,,,,,,,,2026-09-03
HDB12424,,,,,0.0,,,,,,,,2026-09-03
TDK12102,,,,,0.0,,,,,,,,2026-09-03
VHA32102,,,,,0.0,,,,,,,,2026-09-03
VJC12401,,,,,0.0,,,,,,,,2026-09-03
TLR12302,,,,,0.0,,,,,,,,2026-09-03
DPQ12206,,,,,0.0,,,,,,,,2026-09-04
VDI12101,,,,,0.0,,,,,,,,2026-09-04
AHB12402,,,,,0.0,,,,,,,,2026-09-04
SBT12401,,,,,0.0,,,,,,,,2026-09-04
SGJ12303,,,,,0.0,,,,,,,,2026-09-04
HDB12411,,,,,0.0,,,,,,,,2026-09-04
DPQ12201,,,,,0.0,,,,,,,,2026-09-04
DPQ12203,,,,,0.0,,,,,,,,2026-09-04
TQS12201,,,,,0.0,,,,,,,,2026-09-04
IPA12404,,,,,0.0,,,,,,,,2026-09-04
DPQ12205,,,,,0.0,,,,,,,,2026-09-04
CTG12409,,,,,0.0,,,,,,,,2026-09-04
NLG12403,,,,,0.0,,,,,,,,2026-09-04
TNU12101,,,,,0.0,,,,,,,,2026-09-04
TBA12301,,,,,0.0,,,,,,,,2026-09-04
QTA12301,,,,,0.0,,,,,,,,2026-09-04
VHM12407,,,,,0.0,,,,,,,,2026-09-04
VJC12404,,,,,0.0,,,,,,,,2026-09-04
NEW12403,,,,,0.0,,,,,,,,2026-09-04
SGJ12302,,,,,0.0,,,,,,,,2026-09-04
VJC12403,,,,,0.0,,,,,,,,2026-09-04
VCB12105,,,,,0.0,,,,,,,,2026-09-04
VNG12401,,,,,0.0,,,,,,,,2026-09-04
TMI12401,,,,,0.0,,,,,,,,2026-09-04
QTA12302,,,,,0.0,,,,,,,,2026-09-04
CTG12306,,,,,0.0,,,,,,,,2026-09-04
HDB12301,,,,,0.0,,,,,,,,2026-09-04
VJC12407,,,,,0.0,,,,,,,,2026-09-04
AVT12402,,,,,0.0,,,,,,,,2026-09-04
EDI12301,,,,,0.0,,,,,,,,2026-09-04
VJC12309,,,,,0.0,,,,,,,,2026-09-04
AQC12301,,,,,0.0,,,,,,,,2026-09-04
NLG12404,,,,,0.0,,,,,,,,2026-09-04
MSR12302,,,,,0.0,,,,,,,,2026-09-04
ATI12401,,,,,0.0,,,,,,,,2026-09-04
TBA12401,,,,,0.0,,,,,,,,2026-09-04
BCM12404,,,,,0.0,,,,,,,,2026-09-04
HDB12408,,,,,0.0,,,,,,,,2026-09-04
VHA32108,,,,,0.0,,,,,,,,2026-09-04
HCH12402,,,,,0.0,,,,,,,,2026-09-04
SGJ12301,,,,,0.0,,,,,,,,2026-09-04
TNR32104,,,,,0.0,,,,,,,,2026-09-04
BCM12407,,,,,0.0,,,,,,,,2026-09-04
HDB12409,,,,,0.0,,,,,,,,2026-09-04
MRE32103,,,,,0.0,,,,,,,,2026-09-04
SBP12204,,,,,0.0,,,,,,,,2026-09-04
VHA32101,,,,,0.0,,,,,,,,2026-09-04
VIB12410,,,,,0.0,,,,,,,,2026-09-04
TNR32105,,,,,0.0,,,,,,,,2026-09-04
AVT12401,,,,,0.0,,,,,,,,2026-09-04
AHB12301,,,,,0.0,,,,,,,,2026-09-04
HDB12415,,,,,0.0,,,,,,,,2026-09-04
BCM12406,,,,,0.0,,,,,,,,2026-09-04
CII12402,,,,,0.0,,,,,,,,2026-09-04
VJC12311,,,,,0.0,,,,,,,,2026-09-04
DPW12304,,,,,0.0,,,,,,,,2026-09-04
HNV32202,,,,,0.0,,,,,,,,2026-09-04
TGI12301,,,,,0.0,,,,,,,,2026-09-04
HDB12417,,,,,0.0,,,,,,,,2026-09-04
TMI12305,,,,,0.0,,,,,,,,2026-09-04
GEG12402,,,,,0.0,,,,,,,,2026-09-04
BGG12103,,,,,0.0,,,,,,,,2026-09-04
HDB12331,,,,,0.0,,,,,,,,2026-09-04
SHJ12102,,,,,0.0,,,,,,,,2026-09-04
DRT12101,,,,,0.0,,,,,,,,2026-09-04
TBA12402,,,,,0.0,,,,,,,,2026-09-04
MRE32104,,,,,0.0,,,,,,,,2026-09-04
TMI12304,,,,,0.0,,,,,,,,2026-09-04
BGG12104,,,,,0.0,,,,,,,,2026-09-04
TSL12102,,,,,0.0,,,,,,,,2026-09-04
VCB12107,,,,,0.0,,,,,,,,2026-09-04
BID12372,,,,,0.0,,,,,,,,2026-09-04
MSN12203,,,,,0.0,,,,,,,,2026-09-04
HAA12201,,,,,0.0,,,,,,,,2026-09-04
RHG12102,,,,,0.0,,,,,,,,2026-09-04
VJC12329,,,,,0.0,,,,,,,,2026-09-04
VJC12331,,,,,0.0,,,,,,,,2026-09-04
CTG12338,,,,,0.0,,,,,,,,2026-09-04
VHA32104,,,,,0.0,,,,,,,,2026-09-04
VJC12330,,,,,0.0,,,,,,,,2026-09-04
BAB124016,Ngân hàng TMCP Bắc Á,2024-06-17,2032-06-17,,7.7,,,TPDN,,,10000 - Tài chính,hnx,2026-09-04
BAB124026,Ngân hàng TMCP Bắc Á,2024-10-28,2032-10-28,,7.8,,,TPDN,,,10000 - Tài chính,hnx,2026-09-04
BAF126003,CTCP Nông nghiệp BAF Việt Nam,2026-01-05,2029-01-05,,10.0,,,TPDN,,,"01000 - Nông nghiệp, Lâm nghiệp và Thủy sản",hnx,2026-09-04
BVB125003,Ngân hàng Thương mại cổ phần Bản Việt,2025-01-06,2031-01-06,,8.2,,,TPDN,,,10000 - Tài chính,hnx,2026-09-04
CII124021,CTCP Đầu tư Hạ tầng Kỹ Thuật Thành phố Hồ Chí Minh,2024-10-14,2026-10-14,,10.0,,,TPDN,,,04000 - Xây dựng,hnx,2026-09-04
CII424002,CTCP Đầu tư Hạ tầng Kỹ thuật Thành phố Hồ Chí Minh,2024-01-25,2034-01-25,,8.4,,,TPDN,,,04000 - Xây dựng,hnx,2026-09-04
CII425021,CTCP Đầu tư Hạ tầng Kỹ thuật Thành phố Hồ Chí Minh,2025-08-18,2035-08-18,,10.0,,,TPDN,,,04000 - Xây dựng,hnx,2026-09-04
CTG121031,Ngân hàng Thương mại Cổ phần Công thương Việt Nam,2021-11-18,2031-11-18,,5.675,,,TPDN,,,10000 - Tài chính,hnx,2026-09-04
CTG123019,Ngân hàng Thương mại cổ phần Công thương Việt Nam,2023-07-20,2033-07-20,,5.98,,,TPDN,,,10000 - Tài chính,hnx,2026-09-04
CTG123033,Ngân hàng Thương mại cổ phần Công thương Việt Nam,2023-11-01,2031-11-01,,5.88,,,TPDN,,,10000 - Tài chính,hnx,2026-09-04
CTG125013,Ngân hàng Thương mại cổ phần Công thương Việt Nam,2025-04-16,2033-04-16,,5.73,,,TPDN,,,10000 - Tài chính,hnx,2026-09-04
DSE125004,CTCP Chứng khoán DNSE,2025-01-15,2027-01-15,,8.7,,,TPDN,,,10000 - Tài chính,hnx,2026-09-04
DSE125018,CTCP Chứng khoán DNSE,2025-10-27,2027-10-27,,8.3,,,TPDN,,,10000 - Tài chính,hnx,2026-09-04
F88126015,CTCP Kinh doanh F88,2026-05-07,2028-05-07,,10.0,,,TPDN,,,10000 - Tài chính,hnx,2026-09-04
HDB124023,Ngân hàng Thương mại cổ phần Phát triển Thành phố Hồ Chí Minh,2024-10-30,2031-10-30,,7.475,,,TPDN,,,10000 - Tài chính,hnx,2026-09-04
HDB125011,Ngân hàng Thương mại cổ phần Phát triển Thành phố Hồ Chí Minh,2025-03-24,2032-03-24,,7.375,,,TPDN,,,10000 - Tài chính,hnx,2026-09-04
HDB125012,Ngân hàng Thương mại cổ phần Phát triển Thành phố Hồ Chí Minh,2025-03-24,2033-03-24,,7.575,,,TPDN,,,10000 - Tài chính,hnx,2026-09-04
HDB126016,Ngân hàng Thương mại cổ phần Phát triển Thành phố Hồ Chí Minh,2026-03-20,2033-03-20,,7.7,,,TPDN,,,10000 - Tài chính,hnx,2026-09-04
HDC425001,CTCP Phát triển Nhà Bà Rịa - Vũng Tàu,2025-12-25,2027-12-25,,10.0,,,TPDN,,,11000 - Hoạt động kinh doanh bất động sản,hnx,2026-09-04
KLB125015,Ngân hàng Thương mại Cổ phần Kiên Long,2025-04-29,2032-04-29,,7.1,,,TPDN,,,10000 - Tài chính,hnx,2026-09-04
KLB125031,Ngân hàng Thương mại cổ phần Kiên Long,2025-12-10,2032-12-10,,7.1,,,TPDN,,,10000 - Tài chính,hnx,2026-09-04
LPB125007,Ngân hàng TMCP Lộc Phát Việt Nam,2025-03-05,2035-03-05,,7.875,,,TPDN,,,10000 - Tài chính,hnx,2026-09-04
MSN123009,CTCP Tập đoàn Masan,2023-02-22,2028-02-22,,9.175,,,TPDN,,,"07000 - Thông tin, truyền thông và các hoạt động khác",hnx,2026-09-04
NAB125004,Ngân hàng TMCP Nam Á,2025-12-30,2032-12-30,,8.0,,,TPDN,,,10000 - Tài chính,hnx,2026-09-04
NPM123021,Công ty TNHH Khai thác chế biến Khoáng sản Núi Pháo,2023-07-27,2028-07-27,,9.4,,,TPDN,,,03000 - Công nghiệp,hnx,2026-09-04
NPM123024,Công ty TNHH Khai thác chế biến Khoáng sản Núi Pháo,2023-07-27,2028-07-27,,9.4,,,TPDN,,,03000 - Công nghiệp,hnx,2026-09-04
NVL122001,CTCP Tập đoàn Đầu tư Địa ốc No Va,2022-01-20,2028-07-20,,11.5,,,TPDN,,,11000 - Hoạt động kinh doanh bất động sản,hnx,2026-09-04
SBT426026,CTCP Thành Thành Công - Biên Hòa,2026-06-10,2028-06-10,,9.5,,,TPDN,,,03000 - Công nghiệp,hnx,2026-09-04
SHB125010,Ngân hàng Thương mại Cổ phần Sài Gòn - Hà Nội,2025-02-28,2032-02-28,,8.2,,,TPDN,,,10000 - Tài chính,hnx,2026-09-04
SHB125017,Ngân hàng Thương mại Cổ phần Sài Gòn - Hà Nội,2025-07-28,2032-07-28,,8.2,,,TPDN,,,10000 - Tài chính,hnx,2026-09-04
TCX126011,Công ty Cổ phần Chứng khoán Kỹ Thương,2026-04-01,2028-04-01,,8.0,,,TPDN,,,10000 - Tài chính,hnx,2026-09-04
TDP124010,CTCP Thuận Đức,2024-03-29,2027-03-29,,11.0,,,TPDN,,,03000 - Công nghiệp,hnx,2026-09-04
TNG124027,Công ty Cổ phần Đầu tư và Thương mại TNG,2024-11-25,2028-11-25,,9.4,,,TPDN,,,03000 - Công nghiệp,hnx,2026-09-04
VAB125020,Ngân hàng Thương mại Cổ phần Việt Á,2025-08-13,2032-08-13,,7.6,,,TPDN,,,10000 - Tài chính,hnx,2026-09-04
VBA121033,Ngân hàng Nông nghiệp và Phát triển Nông thôn Việt Nam,2021-12-31,2028-12-31,,6.2,,,TPDN,,,10000 - Tài chính,hnx,2026-09-04
VBA123036,Ngân hàng Nông nghiệp và Phát triển Nông thôn Việt Nam,2023-12-05,2031-12-05,,6.68,,,TPDN,,,10000 - Tài chính,hnx,2026-09-04
VBA124019,Ngân hàng Nông nghiệp và Phát triển Nông thôn Việt Nam,2024-08-14,2034-08-14,,6.68,,,TPDN,,,10000 - Tài chính,hnx,2026-09-04
VCK125005,CTCP Chứng khoán VPS,2025-03-03,2027-03-03,,8.3,,,TPDN,,,10000 - Tài chính,hnx,2026-09-04
VHM121025,CTCP Vinhomes,2021-11-25,2026-11-25,,9.8,,,TPDN,,,11000 - Hoạt động kinh doanh bất động sản,hnx,2026-09-04
VIC124003,Tập đoàn Vingroup - CTCP,2024-01-24,2027-01-24,,9.7,,,TPDN,,,11000 - Hoạt động kinh doanh bất động sản,hnx,2026-09-04
VIC124005,Tập đoàn Vingroup - CTCP,2024-03-26,2027-03-26,,9.175,,,TPDN,,,11000 - Hoạt động kinh doanh bất động sản,hnx,2026-09-04
VND125032,Công ty Cổ phần Chứng khoán VNDIRECT,2025-12-12,2027-12-12,,8.0,,,TPDN,,,10000 - Tài chính,hnx,2026-09-04
VND125033,Công ty Cổ phần Chứng khoán VNDIRECT,2025-12-12,2028-12-12,,8.3,,,TPDN,,,10000 - Tài chính,hnx,2026-09-04
VPI124001,CTCP Phát Triển Bất Động Sản Văn Phú,2024-01-31,2027-01-31,,9.5,,,TPDN,,,11000 - Hoạt động kinh doanh bất động sản,hnx,2026-09-04
CMX123035,Công ty Cổ phần Camimex Group,2023-10-30,2026-10-30,,11.2,,,TPDN,,,03000 - Công nghiệp,hnx,2026-09-04
CTG125001,Ngân hàng Thương mại cổ phần Công thương Việt Nam,2025-01-15,2033-01-15,,6.25,,,TPDN,,,10000 - Tài chính,hnx,2026-09-04
KLB125016,Ngân hàng Thương mại Cổ phần Kiên Long,2025-07-31,2032-07-31,,6.9,,,TPDN,,,10000 - Tài chính,hnx,2026-09-04
LPB125006,Ngân hàng Thương mại cổ phần Lộc Phát Việt Nam,2025-03-05,2032-03-05,,7.575,,,TPDN,,,10000 - Tài chính,hnx,2026-09-04
MSN123008,CTCP Tập đoàn Masan,2023-02-20,2028-02-20,,9.175,,,TPDN,,,"07000 - Thông tin, truyền thông và các hoạt động khác",hnx,2026-09-04
NPM123023,Công ty TNHH Khai thác chế biến Khoáng sản Núi Pháo,2023-07-27,2028-07-27,,9.4,,,TPDN,,,03000 - Công nghiệp,hnx,2026-09-04
KLB124009,Ngân hàng Thương mại Cổ phần Kiên Long,2024-12-21,2031-12-21,,6.9,,,TPDN,,,10000 - Tài chính,hnx,2026-09-04
LPB121036,Ngân hàng Thương mại cổ phần Lộc Phát Việt Nam,2021-12-30,2031-12-30,,6.875,,,TPDN,,,10000 - Tài chính,hnx,2026-09-04
LPB122011,Ngân hàng Thương mại cổ phần Lộc Phát Việt Nam,2022-02-28,2032-02-28,,6.875,,,TPDN,,,10000 - Tài chính,hnx,2026-09-04
CTG126005,Ngân hàng Thương mại Cổ phần Công thương Việt Nam,2026-01-20,2034-01-20,,6.45,,,TPDN,,,10000 - Tài chính,hnx,2026-09-04
HDB126017,Ngân hàng Thương mại cổ phần Phát triển Thành phố Hồ Chí Minh,2026-03-20,2034-03-20,,7.9,,,TPDN,,,10000 - Tài chính,hnx,2026-09-04
KLB126021,Ngân hàng Thương mại cổ phần Kiên Long,2026-04-28,2033-04-28,,7.3,,,TPDN,,,10000 - Tài chính,hnx,2026-09-04
MNB425035,Tổng Công ty May Nhà Bè - CTCP,2025-12-08,2027-12-08,,5.0,,,TPDN,,,03000 - Công nghiệp,hnx,2026-09-04
VBA125019,Ngân hàng Nông nghiệp và Phát triển Nông thôn Việt Nam,2025-07-29,2035-07-29,,6.48,,,TPDN,,,10000 - Tài chính,hnx,2026-09-04
F88126002,CTCP Kinh doanh F88,2026-01-10,2028-01-10,,10.0,,,TPDN,,,10000 - Tài chính,hnx,2026-09-04
SBT425026,CTCP Thành Thành Công - Biên Hòa,2025-09-12,2026-09-12,,9.5,,,TPDN,,,03000 - Công nghiệp,hnx,2026-09-04
VIC123029,Tập đoàn Vingroup - Công ty CP,2023-09-14,2026-09-14,,9.175,,,TPDN,,,11000 - Hoạt động kinh doanh bất động sản,hnx,2026-09-04
BVB124020,Ngân hàng Thương mại cổ phần Bản Việt,2024-09-10,2030-09-10,,7.9,,,TPDN,,,10000 - Tài chính,hnx,2026-09-04
CTG123034,Ngân hàng Thương mại cổ phần Công thương Việt Nam,2023-11-01,2033-11-01,,5.98,,,TPDN,,,10000 - Tài chính,hnx,2026-09-04
MML121021,CTCP Masan Meatlife,2021-08-26,2026-08-26,,8.575,,,TPDN,,,03000 - Công nghiệp,hnx,2026-09-04
MSN123010,CTCP Tập đoàn Masan,2023-03-17,2028-03-17,,9.4,,,TPDN,,,"07000 - Thông tin, truyền thông và các hoạt động khác",hnx,2026-09-04
HDB124018,Ngân hàng Thương mại cổ phần Phát triển Thành phố Hồ Chí Minh,2024-08-07,2031-08-07,,7.475,,,TPDN,,,10000 - Tài chính,hnx,2026-09-04
CVT122009,Công ty cổ phần CMC,2022-02-10,2027-02-10,,10.6,,,TPDN,,,-1 - Khác,hnx,2026-09-04
NPM123022,Công ty TNHH Khai thác chế biến Khoáng sản Núi Pháo,2023-07-27,2028-07-27,,9.4,,,TPDN,,,03000 - Công nghiệp,hnx,2026-09-04
CTG125014,Ngân hàng Thương mại cổ phần Công thương Việt Nam,2025-04-16,2035-04-16,,5.83,,,TPDN,,,10000 - Tài chính,hnx,2026-09-04
HDB125024,Ngân hàng Thương mại cổ phần Phát triển Thành phố Hồ Chí Minh,2025-08-20,2032-08-20,,6.575,,,TPDN,,,10000 - Tài chính,hnx,2026-09-04
HDB12412,,,,,0.0,,,,,,,cbonds,2026-09-04
LPB12406,,,,,0.0,,,,,,,cbonds,2026-09-04
VJC12332,,,,,0.0,,,,,,,cbonds,2026-09-04
TPQ12103,,,,,0.0,,,,,,,cbonds,2026-09-04
TPQ12205,,,,,0.0,,,,,,,cbonds,2026-09-04
TPQ12101,,,,,0.0,,,,,,,cbonds,2026-09-04
HCH12401,,,,,0.0,,,,,,,cbonds,2026-09-04
ACB12408,,,,,0.0,,,,,,,cbonds,2026-09-04
VJC12333,,,,,0.0,,,,,,,cbonds,2026-09-04
MRE12101,,,,,0.0,,,,,,,cbonds,2026-09-04
VIL12301,,,,,0.0,,,,,,,cbonds,2026-09-04
NPM12202,,,,,0.0,,,,,,,cbonds,2026-09-04
VJC12335,,,,,0.0,,,,,,,cbonds,2026-09-04
VJC12334,,,,,0.0,,,,,,,cbonds,2026-09-04
DPQ12202,,,,,0.0,,,,,,,cbonds,2026-09-04
NLG12402,,,,,0.0,,,,,,,cbonds,2026-09-04
BID12426,,,,,0.0,,,,,,,cbonds,2026-09-04
VJC12336,,,,,0.0,,,,,,,cbonds,2026-09-04
TMI12302,,,,,0.0,,,,,,,cbonds,2026-09-04
VJC12337,,,,,0.0,,,,,,,cbonds,2026-09-04
BID12417,,,,,0.0,,,,,,,cbonds,2026-09-04
MSN12201,,,,,0.0,,,,,,,cbonds,2026-09-04
HDB12332,,,,,0.0,,,,,,,cbonds,2026-09-04
VJC12338,,,,,0.0,,,,,,,cbonds,2026-09-04
HDB12302,,,,,0.0,,,,,,,cbonds,2026-09-04
HDQ12401,,,,,0.0,,,,,,,cbonds,2026-09-04
SGJ12304,,,,,0.0,,,,,,,cbonds,2026-09-04
VJC12313,,,,,0.0,,,,,,,cbonds,2026-09-04
VJC12310,,,,,0.0,,,,,,,cbonds,2026-09-04
VCB12401,,,,,0.0,,,,,,,cbonds,2026-09-04
VBB12102,,,,,0.0,,,,,,,cbonds,2026-09-04
PC112201,,,,,0.0,,,,,,,cbonds,2026-09-04
HDB12305,,,,,0.0,,,,,,,cbonds,2026-09-04
STB12402,,,,,0.0,,,,,,,cbonds,2026-09-04
VJC12317,,,,,0.0,,,,,,,cbonds,2026-09-04
VJC12312,,,,,0.0,,,,,,,cbonds,2026-09-04
VJC12316,,,,,0.0,,,,,,,cbonds,2026-09-04
VJC12314,,,,,0.0,,,,,,,cbonds,2026-09-04
VJC12315,,,,,0.0,,,,,,,cbonds,2026-09-04
VJC12318,,,,,0.0,,,,,,,cbonds,2026-09-04
VJC12319,,,,,0.0,,,,,,,cbonds,2026-09-04
VJC12321,,,,,0.0,,,,,,,cbonds,2026-09-04
VJC12320,,,,,0.0,,,,,,,cbonds,2026-09-04
VJC12322,,,,,0.0,,,,,,,cbonds,2026-09-04
VJC12324,,,,,0.0,,,,,,,cbonds,2026-09-04
VJC12323,,,,,0.0,,,,,,,cbonds,2026-09-04
CII12403,,,,,0.0,,,,,,,cbonds,2026-09-04
VJC12326,,,,,0.0,,,,,,,cbonds,2026-09-04
VPI12402,,,,,0.0,,,,,,,cbonds,2026-09-04
VJC12325,,,,,0.0,,,,,,,cbonds,2026-09-04
VJC12328,,,,,0.0,,,,,,,cbonds,2026-09-04
VJC12327,,,,,0.0,,,,,,,cbonds,2026-09-04
STB12403,,,,,0.0,,,,,,,cbonds,2026-09-04
BID12407,,,,,0.0,,,,,,,cbonds,2026-09-04
MBB12101,,,,,0.0,,,,,,,cbonds,2026-09-04
TDR12102,,,,,0.0,,,,,,,cbonds,2026-09-04
TDR12101,,,,,0.0,,,,,,,cbonds,2026-09-04
DKD12201,,,,,0.0,,,,,,,cbonds,2026-09-04
NPM12306,,,,,0.0,,,,,,,cbonds,2026-09-04
BID12434,,,,,0.0,,,,,,,cbonds,2026-09-04
NPM12201,,,,,0.0,,,,,,,cbonds,2026-09-04
HTA12402,,,,,0.0,,,,,,,cbonds,2026-09-04
TMI12301,,,,,0.0,,,,,,,cbonds,2026-09-04
TMI12303,,,,,0.0,,,,,,,cbonds,2026-09-04
VPM12401,,,,,0.0,,,,,,,cbonds,2026-09-04
NXH12301,,,,,0.0,,,,,,,cbonds,2026-09-04
BID12409,,,,,0.0,,,,,,,cbonds,2026-09-04
TDR12203,,,,,0.0,,,,,,,cbonds,2026-09-04
TN112401,,,,,0.0,,,,,,,cbonds,2026-09-04
BID12424,,,,,0.0,,,,,,,cbonds,2026-09-04
DRT12404,,,,,0.0,,,,,,,cbonds,2026-09-04
TNE12201,,,,,0.0,,,,,,,cbonds,2026-09-04
NLG12304,,,,,0.0,,,,,,,cbonds,2026-09-04
GPH12601,,2026-06-18,2029-06-18,100000000.0,11.0,6 Tháng,2.0,Kết hợp,,,,cbonds,2026-09-04
SHL12502,,2025-07-21,2028-07-21,100000000.0,9.1,3 Tháng,4.0,Kết hợp,,,,cbonds,2026-09-04
BID12518,,2025-06-13,2032-06-13,1000000000.0,5.68,1 Năm,1.0,Thả nổi,,,,cbonds,2026-09-04
MBB12505,,2025-05-30,2033-05-30,100000000.0,6.38,1 Năm,1.0,Thả nổi,,,,cbonds,2026-09-04
SHL12503,,2025-07-21,2029-07-21,100000000.0,9.1,3 Tháng,4.0,Kết hợp,,,,cbonds,2026-09-04
SHL12501,,2025-07-21,2027-07-21,100000000.0,9.1,3 Tháng,4.0,Kết hợp,,,,cbonds,2026-09-04
BAF123020,CTCP Nông nghiệp BAF Việt Nam,2023-07-04,2026-07-04,,10.5,,,TPDN,,,"01000 - Nông nghiệp, Lâm nghiệp và Thủy sản",hnx,2026-09-04
BID126007,Ngân hàng TMCP Đầu tư và Phát triển Việt Nam,2026-02-03,2033-02-03,,6.8,,,TPDN,,,10000 - Tài chính,hnx,2026-09-04
BCG122006,Công ty Cổ phần Tập đoàn Bamboo Capital,2022-01-20,2027-01-20,,11.2,,,TPDN,,,"07000 - Thông tin, truyền thông và các hoạt động khác",hnx,2026-09-04
LPB125027,Ngân hàng TMCP Lộc Phát Việt Nam,2025-10-13,2032-10-13,,7.025,,,TPDN,,,10000 - Tài chính,hnx,2026-09-04
VBB124007,Ngân hàng TMCP Việt Nam Thương Tín,2024-03-27,2031-03-27,,7.18,,,TPDN,,,10000 - Tài chính,hnx,2026-09-04
CTD126006,CTCP Xây dựng Coteccons,2026-01-30,2029-01-30,,9.0,,,TPDN,,,04000 - Xây dựng,hnx,2026-09-04
CTG123018,Ngân hàng Thương mại cổ phần Công thương Việt Nam,2023-07-20,2031-07-20,,5.88,,,TPDN,,,10000 - Tài chính,hnx,2026-09-04
TNG122017,CTCP Đầu tư và Thương mại TNG,2022-05-16,2026-05-16,,10.0,,,TPDN,,,03000 - Công nghiệp,hnx,2026-09-04
MSN123014,CTCP Tập đoàn Masan,2023-04-27,2028-04-27,,8.825,,,TPDN,,,"07000 - Thông tin, truyền thông và các hoạt động khác",hnx,2026-09-04
HDB124006,Ngân hàng Thương mại cổ phần Phát triển Thành phố Hồ Chí Minh,2024-03-27,2031-03-27,,7.575,,,TPDN,,,10000 - Tài chính,hnx,2026-09-04
VIC124004,Tập đoàn Vingroup - CTCP,2024-03-13,2026-03-13,,8.675,,,TPDN,,,11000 - Hoạt động kinh doanh bất động sản,hnx,2026-09-04
HDB125025,Ngân hàng Thương mại cổ phần Phát triển Thành phố Hồ Chí Minh,2025-08-20,2033-08-20,,6.675,,,TPDN,,,10000 - Tài chính,hnx,2026-09-04
MBB125008,Ngân hàng Thương mại Cổ phần Quân Đội,2025-03-05,2031-03-05,,6.175,,,TPDN,,,10000 - Tài chính,hnx,2026-09-04
BAB125022,Ngân hàng Thương mại cổ phần Bắc Á,2025-08-25,2032-08-25,,6.8,,,TPDN,,,10000 - Tài chính,hnx,2026-09-04
VBA122001,Ngân hàng Nông nghiệp và Phát triển Nông thôn Việt Nam,2022-12-30,2030-12-30,,9.0,,,TPDN,,,10000 - Tài chính,hnx,2026-09-04
BAB124024,Ngân hàng TMCP Bắc Á,2024-10-28,2031-10-28,,7.1,,,TPDN,,,10000 - Tài chính,hnx,2026-09-04
BAB124025,Ngân hàng TMCP Bắc Á,2024-10-28,2031-10-28,,7.4,,,TPDN,,,10000 - Tài chính,hnx,2026-09-04
TCX124011,Công ty Cổ phần Chứng khoán Kỹ Thương,2024-05-09,2025-11-09,,7.175,,,TPDN,,,10000 - Tài chính,hnx,2026-09-04
MBB124022,Ngân hàng Thương mại Cổ phần Quân Đội,2024-10-30,2030-10-30,,6.175,,,TPDN,,,10000 - Tài chính,hnx,2026-09-04
CII42013,CTCP Đầu tư Hạ tầng Kỹ thuật Thành phố Hồ Chí Minh,2020-11-02,2025-11-02,,11.0,,,TPDN,,,04000 - Xây dựng,hnx,2026-09-04
BAB124014,Ngân hàng TMCP Bắc Á,2024-06-17,2031-06-17,,7.0,,,TPDN,,,10000 - Tài chính,hnx,2026-09-04
LPB123008,Ngân hàng Thương mại cổ phần Lộc Phát Việt Nam,2023-09-15,2030-09-15,,9.1,,,TPDN,,,10000 - Tài chính,hnx,2026-09-04
VRE12007,Công ty cổ phần Vincom Retail,2020-08-26,2025-08-26,,9.375,,,TPDN,,,11000 - Hoạt động kinh doanh bất động sản,hnx,2026-09-04
VIC123028,Tập đoàn Vingroup - Công ty CP,2023-08-31,2025-08-31,,8.675,,,TPDN,,,11000 - Hoạt động kinh doanh bất động sản,hnx,2026-09-04
BAB124015,Ngân hàng TMCP Bắc Á,2024-06-17,2031-06-17,,7.1,,,TPDN,,,10000 - Tài chính,hnx,2026-09-04
BAF122029,CTCP Nông nghiệp BAF Việt Nam,2022-08-23,2025-08-23,,10.5,,,TPDN,,,"01000 - Nông nghiệp, Lâm nghiệp và Thủy sản",hnx,2026-09-04
MBB124017,Ngân hàng Thương mại Cổ phần Quân Đội,2024-07-15,2030-07-15,,6.075,,,TPDN,,,10000 - Tài chính,hnx,2026-09-04
LPB123015,Ngân hàng Thương mại cổ phần Lộc Phát Việt Nam,2023-06-30,2030-06-30,,7.8,,,TPDN,,,10000 - Tài chính,hnx,2026-09-04
TCX124013,Công ty Cổ phần Chứng khoán Kỹ Thương,2024-05-27,2025-11-27,,7.175,,,TPDN,,,10000 - Tài chính,hnx,2026-09-04
TN1122016,Công ty Cổ phần ROX Key Holdings,0001-01-01,0001-01-01,,,,,,,,05000 - Vận tải kho bãi,hnx,2026-09-04
VND122014,Công ty cổ phần Chứng khoán VNDIRECT,0001-01-01,0001-01-01,,,,,,,,10000 - Tài chính,hnx,2026-09-04
TCX124012,Công ty Cổ phần Chứng khoán Kỹ Thương,2024-04-15,2025-10-15,,7.175,,,TPDN,,,10000 - Tài chính,hnx,2026-09-04
CVT122008,Công ty cổ phần CMC,0001-01-01,0001-01-01,,,,,,,,-1 - Khác,hnx,2026-09-04
VBB123017,Ngân hàng TMCP Việt Nam Thương Tín,2023-06-30,2030-06-30,,7.18,,,TPDN,,,10000 - Tài chính,hnx,2026-09-04
VNG122002,Công ty Cổ phần Du lịch Thành Thành Công,0001-01-01,0001-01-01,,,,,,,,"06000 - Thương mại và dịch vụ lưu trú, ăn uống",hnx,2026-09-04
CTD122015,CTCP Xây dựng Coteccons,,,,,,,,,,04000 - Xây dựng,hnx,2026-09-04
BID122004,Ngân hàng Thương mại cổ phần Đầu tư và Phát triển Việt Nam,0001-01-01,0001-01-01,,,,,,,,10000 - Tài chính,hnx,2026-09-04
CTG121030,Ngân hàng Thương mại Cổ phần Công thương Việt Nam,0001-01-01,0001-01-01,,,,,,,,10000 - Tài chính,hnx,2026-09-04
VHM121024,CTCP Vinhomes,0001-01-01,0001-01-01,,,,,,,,11000 - Hoạt động kinh doanh bất động sản,hnx,2026-09-04
CII121029,CTCP Đầu tư Hạ tầng Kỹ thuật T.p Hồ Chí Minh,0001-01-01,0001-01-01,,,,,,,,04000 - Xây dựng,hnx,2026-09-04
BID121028,Ngân hàng Thương mại cổ phần Đầu tư và Phát triển Việt Nam,0001-01-01,0001-01-01,,,,,,,,10000 - Tài chính,hnx,2026-09-04
GEG121022,Công ty Cổ phần Điện Gia Lai,0001-01-01,0001-01-01,,,,,,,,03000 - Công nghiệp,hnx,2026-09-04
GLH121026,Công ty Cổ phần Glexhomes,0001-01-01,0001-01-01,,,,,,,,11000 - Hoạt động kinh doanh bất động sản,hnx,2026-09-04
BAB123030,Ngân hàng Thương mại cổ phần Bắc Á,0001-01-01,0001-01-01,,,,,,,,10000 - Tài chính,hnx,2026-09-04
CII120018,CTCP Đầu tư Hạ tầng Kỹ thuật Thành phố Hồ Chí Minh,0001-01-01,0001-01-01,,,,,,,,04000 - Xây dựng,hnx,2026-09-04
GLH121019,Công ty Cổ phần Glexhomes,0001-01-01,0001-01-01,,,,,,,,11000 - Hoạt động kinh doanh bất động sản,hnx,2026-09-04
NPM11911,Công ty TNHH Khai thác chế biến Khoáng sản Núi pháo,0001-01-01,0001-01-01,,,,,,,,03000 - Công nghiệp,hnx,2026-09-04
BID121027,Ngân hàng Thương mại cổ phần Đầu tư và Phát triển Việt Nam,0001-01-01,0001-01-01,,,,,,,,10000 - Tài chính,hnx,2026-09-04
CII121006,CTCP Đầu tư Hạ Tầng Kỹ thuật Thành phố Hồ Chí Minh,0001-01-01,0001-01-01,,,,,,,,04000 - Xây dựng,hnx,2026-09-04
VIC121004,Tập đoàn Vingroup - Công ty CP,0001-01-01,0001-01-01,,,,,,,,11000 - Hoạt động kinh doanh bất động sản,hnx,2026-09-04
VIC121005,Tập đoàn Vingroup - Công ty CP,0001-01-01,0001-01-01,,,,,,,,11000 - Hoạt động kinh doanh bất động sản,hnx,2026-09-04
VND122013,Công ty cổ phần Chứng khoán VNDIRECT,0001-01-01,0001-01-01,,,,,,,,10000 - Tài chính,hnx,2026-09-04
LPB122010,Ngân hàng Thương mại cổ phần Lộc Phát Việt Nam,0001-01-01,0001-01-01,,,,,,,,10000 - Tài chính,hnx,2026-09-04
VIC121003,Tập đoàn Vingroup - Công ty CP,0001-01-01,0001-01-01,,,,,,,,11000 - Hoạt động kinh doanh bất động sản,hnx,2026-09-04
CVT122007,Công ty cổ phần CMC,0001-01-01,0001-01-01,,,,,,,,-1 - Khác,hnx,2026-09-04
SBT121002,CTCP Thành Thành Công - Biên Hòa,0001-01-01,0001-01-01,,,,,,,,03000 - Công nghiệp,hnx,2026-09-04
MSN121013,CTCP Tập đoàn Masan,0001-01-01,0001-01-01,,,,,,,,"07000 - Thông tin, truyền thông và các hoạt động khác",hnx,2026-09-04
MSN121014,CTCP Tập đoàn Masan,0001-01-01,0001-01-01,,,,,,,,"07000 - Thông tin, truyền thông và các hoạt động khác",hnx,2026-09-04
MSN121015,CTCP Tập đoàn Masan,0001-01-01,0001-01-01,,,,,,,,"07000 - Thông tin, truyền thông và các hoạt động khác",hnx,2026-09-04
LPB121035,Ngân hàng Thương mại cổ phần Bưu điện Liên Việt,0001-01-01,0001-01-01,,,,,,,,10000 - Tài chính,hnx,2026-09-04
MSN120011,CTCP Tập đoàn Masan,0001-01-01,0001-01-01,,,,,,,,"07000 - Thông tin, truyền thông và các hoạt động khác",hnx,2026-09-04
MSN120012,CTCP Tập đoàn Masan,0001-01-01,0001-01-01,,,,,,,,"07000 - Thông tin, truyền thông và các hoạt động khác",hnx,2026-09-04
MSR11808,CTCP Masan High-Tech Materials,0001-01-01,0001-01-01,,,,,,,,,hnx,2026-09-04
LPB122012,Ngân hàng Thương mại cổ phần Lộc Phát Việt Nam,0001-01-01,0001-01-01,,,,,,,,10000 - Tài chính,hnx,2026-09-04
MSN120007,CTCP Tập đoàn Masan,0001-01-01,0001-01-01,,,,,,,,"07000 - Thông tin, truyền thông và các hoạt động khác",hnx,2026-09-04
MSN120010,CTCP Tập đoàn Masan,0001-01-01,0001-01-01,,,,,,,,"07000 - Thông tin, truyền thông và các hoạt động khác",hnx,2026-09-04
MSN120008,CTCP Tập đoàn Masan,0001-01-01,0001-01-01,,,,,,,,"07000 - Thông tin, truyền thông và các hoạt động khác",hnx,2026-09-04
MSN120009,CTCP Tập đoàn Masan,0001-01-01,0001-01-01,,,,,,,,"07000 - Thông tin, truyền thông và các hoạt động khác",hnx,2026-09-04
NPM11805,Công ty TNHH Khai thác chế biến Khoáng sản Núi pháo,0001-01-01,0001-01-01,,,,,,,,,hnx,2026-09-04
BVB122028,Ngân hàng TMCP Bản Việt,0001-01-01,0001-01-01,,,,,,,,10000 - Tài chính,hnx,2026-09-04
KBC121020,Tổng Công ty Phát triển Đô thị Kinh Bắc - CTCP,0001-01-01,0001-01-01,,,,,,,,,hnx,2026-09-04
MSN12005,Công ty Cổ phần Tập đoàn Masan,0001-01-01,0001-01-01,,,,,,,,,hnx,2026-09-04
MSN12003,Công ty Cổ phần Tập đoàn Masan,0001-01-01,0001-01-01,,,,,,,,,hnx,2026-09-04
MSN12001,Công ty Cổ phần Tập đoàn Masan,0001-01-01,0001-01-01,,,,,,,,,hnx,2026-09-04
MSN12002,Công ty Cổ phần Tập đoàn Masan,0001-01-01,0001-01-01,,,,,,,,,hnx,2026-09-04
VNT421032,CTCP Giao nhận Vận tải Ngoại thương,,,,,,,,,,,hnx,2026-09-04
HDG121001,CTCP Tập đoàn Hà Đô,0001-01-01,0001-01-01,,,,,,,,,hnx,2026-09-04
NPM11907,Công ty TNHH Khai thác chế biến Khoáng sản Núi pháo,0001-01-01,0001-01-01,,,,,,,,,hnx,2026-09-04
MSN11906,Công ty Cổ phần Tập đoàn Masan,0001-01-01,0001-01-01,,,,,,,,,hnx,2026-09-04
VND122012,Công ty cổ phần Chứng khoán VNDIRECT,0001-01-01,0001-01-01,,,,,,,,-1 - Khác,hnx,2026-09-04
VJC11912,Công ty Cổ phần Hàng không Vietjet,0001-01-01,0001-01-01,,,,,,,,,hnx,2026-09-04
NPM11910,Công ty TNHH Khai thác chế biến Khoáng sản Núi pháo,0001-01-01,0001-01-01,,,,,,,,,hnx,2026-09-04
NPM11909,Công ty TNHH Khai thác chế biến Khoáng sản Núi pháo,0001-01-01,0001-01-01,,,,,,,,,hnx,2026-09-04
KBC12006,Tổng Công ty Phát triển Đô thị Kinh Bắc - CTCP,0001-01-01,0001-01-01,,,,,,,,,hnx,2026-09-04
MSR118001,Trái phiếu Masan High-Tech Materials,0001-01-01,0001-01-01,,,,,,,,,hnx,2026-09-04
MRS118001,,,,,,,,,,,,hnx,2026-09-04
IHP32602,,2026-06-30,2027-06-30,100000000.0,10.0,,,Cố định,,,,cbonds,2026-09-07
OCB12523,,2025-09-30,2028-09-30,1000000000.0,6.3,12 Tháng,1.0,Cố định,,,,cbonds,2026-09-08
DIT32601,,2026-06-30,2029-10-30,100000000.0,10.7,,,Kết hợp,,,,cbonds,2026-09-11
BID12538,,2025-09-10,2032-09-10,1000000000.0,5.68,1 Năm,1.0,Thả nổi,,,,cbonds,2026-09-14
MSR12303,,,,,0.0,,,,,,,cbonds,2026-09-14
FCN12501,,2025-06-10,2026-12-10,100000000.0,11.0,3 Tháng,4.0,Cố định,,,,cbonds,2026-09-14
TMS426010,CTCP Transimex,2026-03-27,2028-03-27,,7.0,,,TPDN,,,05000 - Vận tải kho bãi,hnx,2026-09-15
CII426028,CTCP Đầu tư Hạ tầng Kỹ Thuật Thành phố Hồ Chí Minh,2026-06-25,2041-06-25,,10.0,,,TPDN,,,04000 - Xây dựng,hnx,2026-09-16
BID12505,,2025-05-16,2033-05-16,1000000000.0,5.83,1 Năm,1.0,Thả nổi,,,,cbonds,2026-09-16
CTG12307,,,,,0.0,,,,,,,cbonds,2026-09-16
LPB123009,Ngân hàng Thương mại cổ phần Lộc Phát Việt Nam,2023-09-15,2033-09-15,,7.775,,,TPDN,,,10000 - Tài chính,hnx,2026-09-17
BAB123032,Ngân hàng Thương mại cổ phần Bắc Á,2023-10-16,2031-10-16,,7.5,,,TPDN,,,10000 - Tài chính,hnx,2026-09-17
BAB125023,Ngân hàng Thương mại cổ phần Bắc Á,2025-08-25,2032-08-25,,7.0,,,TPDN,,,10000 - Tài chính,hnx,2026-09-17
BID122005,Ngân hàng Thương mại cổ phần Đầu tư và Phát triển Việt Nam,2022-01-25,2032-01-25,,5.68,,,TPDN,,,10000 - Tài chính,hnx,2026-09-17
BID123004,Ngân hàng Thương mại cổ phần Đầu tư và Phát triển Việt Nam,2023-01-16,2033-01-16,,6.18,,,TPDN,,,10000 - Tài chính,hnx,2026-09-17
BID126008,Ngân hàng TMCP Đầu tư và Phát triển Việt Nam,2026-02-03,2034-02-03,,6.85,,,TPDN,,,10000 - Tài chính,hnx,2026-09-17
BID126009,Ngân hàng TMCP Đầu tư và Phát triển Việt Nam,2026-02-03,2036-02-03,,6.85,,,TPDN,,,10000 - Tài chính,hnx,2026-09-17
BID126022,Ngân hàng TMCP Đầu tư và Phát triển Việt Nam,2026-05-20,2033-05-20,,7.7,,,TPDN,,,10000 - Tài chính,hnx,2026-09-17
BID126023,Ngân hàng TMCP Đầu tư và Phát triển Việt Nam,2026-05-20,2034-05-20,,7.75,,,TPDN,,,10000 - Tài chính,hnx,2026-09-17
BID126024,Ngân hàng TMCP Đầu tư và Phát triển Việt Nam,2026-05-20,2036-05-20,,7.8,,,TPDN,,,10000 - Tài chính,hnx,2026-09-17
CTG125002,Ngân hàng Thương mại cổ phần Công thương Việt Nam,2025-01-15,2035-01-15,,6.35,,,TPDN,,,10000 - Tài chính,hnx,2026-09-17
LPB122013,Ngân hàng Thương mại cổ phần Lộc Phát Việt Nam,2022-12-30,2032-12-30,,7.775,,,TPDN,,,10000 - Tài chính,hnx,2026-09-17
LPB123016,Ngân hàng Thương mại cổ phần Lộc Phát Việt Nam,2023-06-30,2030-06-30,,7.775,,,TPDN,,,10000 - Tài chính,hnx,2026-09-17
LPB125028,Ngân hàng TMCP Lộc Phát Việt Nam,2025-10-13,2035-10-13,,7.175,,,TPDN,,,10000 - Tài chính,hnx,2026-09-17
LPB126018,Ngân hàng TMCP Lộc Phát Việt Nam,2026-03-30,2033-03-30,,7.7,,,TPDN,,,10000 - Tài chính,hnx,2026-09-17
LPB126019,Ngân hàng TMCP Lộc Phát Việt Nam,2026-03-30,2034-03-30,,7.9,,,TPDN,,,10000 - Tài chính,hnx,2026-09-17
LPB126020,Ngân hàng TMCP Lộc Phát Việt Nam,2026-03-30,2036-03-30,,8.1,,,TPDN,,,10000 - Tài chính,hnx,2026-09-17
NAB126025,Ngân hàng TMCP Nam Á,2026-05-28,2033-05-28,,8.7,,,TPDN,,,10000 - Tài chính,hnx,2026-09-17
VAB125029,Ngân hàng Thương mại Cổ phần Việt Á,2025-10-14,2032-10-14,,7.6,,,TPDN,,,10000 - Tài chính,hnx,2026-09-17
VAB125034,Ngân hàng Thương mại Cổ phần Việt Á,2025-12-12,2032-12-12,,7.7,,,TPDN,,,10000 - Tài chính,hnx,2026-09-17
BID12553,,2025-11-24,2033-11-24,1000000000.0,6.08,1 Năm,1.0,Thả nổi,,,,cbonds,2026-09-17
BID12541,,2025-09-18,2033-09-18,1000000000.0,5.83,1 Năm,1.0,Thả nổi,,,,cbonds,2026-09-17
BCM12403,,,,,0.0,,,,,,,cbonds,2026-09-18
BID12368,,,,,0.0,,,,,,,cbonds,2026-09-18
KBCL12601,,2026-08-20,2029-08-20,100000000.0,12.0,6 Tháng,2.0,,,,,cbonds,2026-09-21
STB12607,,2026-07-30,2032-07-30,1000000000.0,10.0,1 Năm,1.0,,,,,cbonds,2026-09-21
VDS12504,,2025-10-07,2026-10-07,100000000.0,8.0,1 Tháng,12.0,,,,,cbonds,2026-09-21
TPB12424,,,,,0.0,,,,,,,cbonds,2026-09-22
BVC12601,,2026-06-29,2036-06-29,1000000000.0,9.63,1 Năm,1.0,,,,,cbonds,2026-09-24
VCBL12610,,2026-08-25,2030-08-25,1000000000.0,8.0,6 Tháng,2.0,,,,,cbonds,2026-09-24
VIB12508,,2025-12-05,2028-12-05,1000000000.0,6.9,1 Năm,1.0,,,,,cbonds,2026-09-25
